PLACEID,CHANGETYPE,ATTRIBUTENAME,PRIMARY,LANGUAGECODE,NAMETYPE,BASETEXT,PREVIOUS_NAMETYPE,PREVIOUS_LANGUAGECODE,PREVIOUS_BASETEXT
036r3gqq-68bd705db0415aba652bb6f365ad520a,UPDATE,NAME,TRUE,en,OFFICIAL,Caringbah Hotel,OFFICIAL,en,Nightcap at Caringbah Hotel
036jx7ps-fc5e27a05a270209234374425027c7be,UPDATE,NAME,TRUE,en,OFFICIAL,Meriton Suites Waterloo,OFFICIAL,en,Cameo Apartments Meriton Waterloo
03660lbi-3ba65727d19506e6069e97511d44ae98,UPDATE,NAME,TRUE,en,OFFICIAL,The Star Sydney,OFFICIAL,en,The Star
036r3grn-0e53102fc3114ad7b5776d169683da4a,UPDATE,NAME,TRUE,en,OFFICIAL,Nelson Meers Hotel Group,OFFICIAL,en,Nelson Meers Liquor Hospitality Group
036r3gx0-34e5148f0090305066b3bc467af6596a,UPDATE,NAME,TRUE,en,OFFICIAL,Adina Apartment Hotel,OFFICIAL,en,Adina Apartment Hotel Sydney Surry Hi
036r3grr-59820c7d44c140fd861220f53f9cb986,UPDATE,NAME,TRUE,en,OFFICIAL,Drummoyne Furnished Apartments,OFFICIAL,en,Drummoyne Serviced Apartments
036r3gx4-ac89183bc1d6841ae85ea28499612b22,UPDATE,NAME,TRUE,en,OFFICIAL,MISS BAKER’S BONDI,OFFICIAL,en,Miss Baker's Boutique Accomodation
,UPDATE,NAME,TRUE,en,OFFICIAL,We Rock the Spectrum,OFFICIAL,en,We Rock the Spectrum - Sydney West
036r652n-6060c3a60d2f918a6ba6f3028f69e059,UPDATE,NAME,TRUE,en,OFFICIAL,Wahroonga Park,OFFICIAL,en,Wahroonga Park - Coonanbarra Road
036r3gqm-75b6ac1a9d882e7f664fa83537ce12d6,UPDATE,NAME,TRUE,en,OFFICIAL,Climb Fit,OFFICIAL,en,Climb Fit Kirrawee
036r3gqz-832e65727131f0e99fdf4e48396a8184,UPDATE,NAME,TRUE,en,OFFICIAL,Luxride chauffeur,OFFICIAL,en,Luxride Chauffeur Sydney
036r3grd-2b1b62296f4d424b8111bed932fd376c,UPDATE,NAME,TRUE,en,OFFICIAL,Croc's Playcentre,OFFICIAL,en,Crocs Playcentre Prospect
036r3gx2-32cf10f881cd4d96813cccab58b7d762,UPDATE,name,TRUE,en,OFFICIAL,Myer,OFFICIAL,en,Myer Sydney-Beauty Services
036r6584-780869a4e5bf41f89fbf2b32c3631b42,UPDATE,NAME,TRUE,en,OFFICIAL,Evolve Tennis Academy,OFFICIAL,en,Evolve Tennis
036r3gqu-0aef16d529f94655b70ce23ec3235157,UPDATE,NAME,TRUE,en,OFFICIAL,Flip Out,OFFICIAL,en,Flip Out Revesby
036r3gx2-1e18aaf2687041539725ca5d41966965,UPDATE,NAME,TRUE,en,OFFICIAL,The Tank Stream,OFFICIAL,en,Tank Stream Plaque
036a9437-1d7980c5821d734d047eee95a5dbc4aa,UPDATE,NAME,TRUE,en,OFFICIAL,Bar Lulu,OFFICIAL,en,Lu Lu
036r3gnj-2cd22ee2ab66bdc87e5047add670cd4d,UPDATE,NAME,TRUE,en,OFFICIAL,Macarthur Park,OFFICIAL,en,MacArthur Park Playground
03609d01-9a7d3aa3eb77e8acb14c413d3cb0c905,UPDATE,NAME,TRUE,en,OFFICIAL,Elysian School,OFFICIAL,en,Elysian School Australia Wetherill Park
036r3gwc-5146c7e1625517362c6f1d387fb37c9e,UPDATE,NAME,TRUE,en,OFFICIAL,Popplewell Park,OFFICIAL,en,Popplewell Park Upper Playground
036r3gnq-dae0160e317a46da9a8d4a7eb6a537e8,UPDATE,NAME,TRUE,en,OFFICIAL,Flip Out,OFFICIAL,en,Flip Out Smeaton Grange
036r3gqq-5698334009d348758eb2abc59de9fb10,UPDATE,NAME,TRUE,it,OFFICIAL,ACT,OFFICIAL,en,Advanced Chain Technologies
036r3grc-6da2778020acb0cfd7eb3f3f69e6033c,UPDATE,NAME,TRUE,en,OFFICIAL,Chouchoubebe Adventure,OFFICIAL,en,Chouchoubebe Adventure Blacktown
036r6587-e6b62a1b6989fabd30573ff04c4cbb5c,UPDATE,NAME,TRUE,en,OFFICIAL,Multipole,OFFICIAL,en,Multipole Australia
036r3gpu-535b11c2d69c85ae03ab9013609a1a81,UPDATE,NAME,TRUE,en,OFFICIAL,Flip Out,OFFICIAL,en,
036r3gx0-b4efb08d7d46f98276167952597f33b3,UPDATE,NAME,TRUE,en,OFFICIAL,Hijinx Hotel,OFFICIAL,en,Hijinx Hotel Alexandria
036r6524-1d0a94c69b6ce56baf7873736327d92b,UPDATE,NAME,TRUE,en,OFFICIAL,AJS Self Defence,OFFICIAL,en,Ajs Selfdefence-Kids Martial Arts-Teen Adult Blacktown Hapkido
036r3gq9-eada173a070990b419dc6a4b2af57f1e,UPDATE,NAME,TRUE,en,OFFICIAL,Variety Livvi’s Place Glenfield,OFFICIAL,en,Variety Livvis Place Glenfield Playspace
036r3gpu-9c90b509f032d62d4b62bfe69b62c76d,UPDATE,NAME,TRUE,en,OFFICIAL,Cables Wake Park,OFFICIAL,en,Cables Wake Park Aqua Park
036r3gx1-6390aeef8477ead41ba4d372c7e08896,UPDATE,NAME,TRUE,en,OFFICIAL,FREAK Virtual Reality,OFFICIAL,en,Freak Bondi
036r6525-3d0f07e16347428aa88d50e62397dbb3,UPDATE,NAME,TRUE,en,OFFICIAL,Swing Academy’s,OFFICIAL,en,The Swing Academy
036r3gx8-60c740bd0b7948bda9fa678b81336978,UPDATE,NAME,TRUE,en,OFFICIAL,Vitaland Kids Cafe,OFFICIAL,en,Vitaland Kids Cafe St Leonards
036r6584-ae092609c9a6bf06f0d89f82c9a094f5,UPDATE,NAME,TRUE,en,OFFICIAL,Berry Reserve,OFFICIAL,en,Berry Reserve Playground
036r3grh-8f44b322951323ef8cc52c23eb24b704,UPDATE,NAME,TRUE,en,OFFICIAL,Funland Australia,OFFICIAL,en,Funland Bankstown
036r3gr7-4f37423ce10b78f308f385133bfd0329,UPDATE,NAME,TRUE,en,OFFICIAL,Timezone & Zone Bowling,OFFICIAL,en,Timezone & Zone Bowling Villawood-ten Pin Bowling Arcade Games Laser Tag
036r6524-89c0c620b97332a72733d27a3c076818,UPDATE,NAME,TRUE,en,OFFICIAL,CatalystPHD,OFFICIAL,en,Catalystphd Mind - Body Coaching
03613c1d-898f69d6cbb0f3615c1473924ab4d804,UPDATE,NAME,TRUE,en,OFFICIAL,KOKO Amusement,OFFICIAL,en,Koko Amusement Town Hall
036r3gqq-739dd19ee11745f6cc60c5d63f7ad62c,UPDATE,NAME,TRUE,en,OFFICIAL,THE REC CLUB ,OFFICIAL,en,The Rec Club-Indoor Sports
036r3grw-479ab262ea27a70d5ec19aceea7ee621,UPDATE,NAME,TRUE,en,OFFICIAL,My Gym,OFFICIAL,en,My Gym Children's Fitness Centre
036r3grh-42c18ace121f69fd62a28447ae025e72,UPDATE,NAME,TRUE,en,OFFICIAL,AlphaWarrior,OFFICIAL,en,Alpha Warrior Ninja Warrior Western Sydney
036r3gqy-eeebdde2a9b2420aa9e9c6e7a168521b,UPDATE,NAME,TRUE,en,OFFICIAL,Kempo Genbu Ryu,OFFICIAL,en,Kempo Genbu Ryu Karate Earlwood
036r3gx0-c707a64135c0a586c096946a783179d4,UPDATE,NAME,TRUE,en,OFFICIAL,Hogan and Spindlers Parks,OFFICIAL,en,Playground
036917a2-a4b1f5d6b1c772167d469006f2186ba2,UPDATE,NAME,TRUE,en,OFFICIAL,Koshigaya Park,offucual,en,Koshigaya Park Campbelltown
036r3gxc-d3b93d897f34108d7764b773fc719b00,UPDATE,NAME,TRUE,en,OFFICIAL,Patanga Park,OFFICIAL,en,Patanga Reserve Playground
036r3gpv-ffb9e68d34eef5686dd9583f799c205e,UPDATE,NAME,TRUE,en,OFFICIAL,Archie Brothers,OFFICIAL,en,Archie Brothers Cirque Electriq Penrith
036r3gqq-e097c07ba509cbc65afc3641de2e9a8b,UPDATE,NAME,TRUE,en,OFFICIAL,Inflatable World,OFFICIAL,en,Inflatable World Miranda
036r3grs-78bbc88031236ec2764403de970bfa6c,UPDATE,NAME,TRUE,en,OFFICIAL,Zero Latency VR,OFFICIAL,en,Zero Latency VR Parramatta
036r3gxc-4103dccaec946c4cafd664c2f5aa4f35,UPDATE,NAME,TRUE,en,OFFICIAL,Seaforth Oval,OFFICIAL,en,Seaforth Oval Playground
036r3grv-ae0d9522d9322eab3655f46e478ab45f,UPDATE,NAME,TRUE,en,OFFICIAL,Millionlife,OFFICIAL,en,Millionlife - Eastwood
036r3grx-7a1d6586170914d7b5ba59336cf7f4dc,UPDATE,NAME,TRUE,en,OFFICIAL,Krystlealves,OFFICIAL,en,Krystle Alves
036r3gr7-4fbf2cce8682621d834ac3eae5ddebd0,UPDATE,NAME,TRUE,en,OFFICIAL,Flip Out,OFFICIAL,en,Flip Out Villawood
036r3gx0-f1c4b6065100b023de86ce70fa24fc66,UPDATE,NAME,TRUE,en,OFFICIAL,Happydays ,OFFICIAL,en,Iplay Broadway
036r3gqb-027846c209354eef8fe8ae85d02ff138,UPDATE,NAME,TRUE,en,OFFICIAL,Dyls Thrill Rides and Games,OFFICIAL,en,Dyls Thrill Rides and Games
036r3gnp-8dfdcc2a94a34ef3afe121c40fb61ccc,UPDATE,NAME,true ,en,OFFICIAL,Croc's Playcentre,OFFICIAL,en,Crocs Playcentre Campbelltown
036r3gqv-f5bda45729bd4a12a76e686ebec6fe85,UPDATE,NAME,TRUE,en,OFFICIAL,Liza Fine Art and Lighting,OFFICIAL,en,Liza Fine Art & Lighting
036r3grq-e7b91e892b06550b7c5767d46fd86643,UPDATE,NAME,TRUE,en,OFFICIAL,KOKO Amusement,OFFICIAL,en,Koko Amusement Burwood
036r3gx2-05166d93e49dfb6a1546e59a59d33a19,UPDATE,NAME,TRUE,en,OFFICIAL,Cook Phillip Park Playground,OFFICIAL,en,Cook & Phillip Park Playground
036r3gx2-95c854320730bd42d734d8376d2738e0,UPDATE,NAME,TRUE,en,OFFICIAL,S. H . Ervin  Gallery,OFFICIAL,en,S H Ervin Gallery
036r3gx1-c8286c521d2223a0825c44a8a34c5d65,UPDATE,NAME,TRUE,en,OFFICIAL,Ethel Turner Park Playground,OFFICIAL,en,Ethel Turner Park
036r3grk-41e040a81b3ac7211286e169a4a2d112,UPDATE,NAME,TRUE,en,OFFICIAL,Krish 1 Associates,OFFICIAL,en,Krish Associates
036httek-db4acc04ed2703731f18fb2b45db383e,UPDATE,NAME,TRUE,en,OFFICIAL,Sydney Showground,OFFICIAL,en,Sydney Royal Easter Show
036r3grg-da6071a89784c57597b57244a625ab7c,UPDATE,NAME,TRUE,en,OFFICIAL,INRG MARTIAL ARTS ACADEMY,OFFICIAL,en,Inrg Martial Arts & Fitness Gym
036r3gx2-da175ed76e47dfc7aab98e2ddbb72282,UPDATE,NAME,TRUE,en,OFFICIAL,KOKO Amusement,OFFICIAL,en,Koko Amusement 505 George St.
0368lxx5-b4d5a50f00bb0e0b59b53e2916fa08fe,UPDATE,NAME,TRUE,en,OFFICIAL,Livvi’s Place,OFFICIAL,en,Livvi's Place Five Dock
0368lxx5-be7be5b869ca0ff5a60df094355b5381,UPDATE,NAME,TRUE,en,OFFICIAL,Big Bus Tours,OFFICIAL,en,Bigbus Sydney
036r3gr4-33f700ff486d99bcc510b785bcd127a9,UPDATE,NAME,TRUE,en,OFFICIAL,iPlay,OFFICIAL,en,Iplay Liverpool
036r3gry-23bed09057c70bc8cb238a15c3477879,UPDATE,NAME,TRUE,en,OFFICIAL,FREAK VR,OFFICIAL,en,Freak VR Macquarie
036r3gpu-fc28f0204d0a0b96cd3db790918ce5a6,UPDATE,NAME,TRUE,en,OFFICIAL,Flip Out,OFFICIAL,en,Flipout Trampoline Arena
036r6586-b6dc0e2cc76b933cb71dae913c3fe5b9,UPDATE,NAME,TRUE,en,OFFICIAL, Coastal Environment Centre,OFFICIAL,en,Coastal Environment Centre Cec
036r3gpy-c55286f5689e696b27fee2ad3ed3ed76,UPDATE,NAME,TRUE,en,OFFICIAL,Museums of History NSW ,OFFICIAL,en,Museums of History NSW-State Archives Collection
036r3grp-dd51adc34883494db417495a1d1c2d33,UPDATE,NAME,TRUE,en,OFFICIAL,Boomalli Aboriginal Artists,OFFICIAL,en,Boomalli Aboriginal Artists Co-Operative
036r3gx2-2888f483f60387019d9305576167eaae,UPDATE,NAME,TRUE,en,OFFICIAL,Mark Foy's,OFFICIAL,en,Mark Foys Landmark Building
036r3grs-79ddddda8ce9d64b09fd4f35baa94fc3,UPDATE,NAME,TRUE,en,OFFICIAL,Blue Plaques,OFFICIAL,en,Blue Plaque David Lennox
036r3gx1-f20ee4a5f9a77a2311bb52456ebdf4b2,UPDATE,NAME,TRUE,en,OFFICIAL,SOHOStudio,OFFICIAL,en,Sohostudio Sydney
036r3gre-39f2a0f6750c3e07bb6f87f6a90f4b54,UPDATE,NAME,TRUE,en,OFFICIAL,Frist Building Governor Phillip's redoubt,OFFICIAL,en,First Government House Foundation Stone
036r3gx6-217e91b6be4ff161a071efbb2055b171,UPDATE,NAME,TRUE,en,OFFICIAL,Wintergarden Theatre,OFFICIAL,en,Wintergarden Theatre Plaque
036r3gx8-e517eebfd7824874a8bc23325180a457,UPDATE,NAME,TRUE,en,OFFICIAL,Sexton's Cottage Museum,OFFICIAL,en,Sextons Cottage Museum
036aabd1-45d2c87974ed07ba74fe79a80c021910,UPDATE,NAME,TRUE,en,OFFICIAL,CAMDEN HISTORICAL SOCIETY,OFFICIAL,en,Camden Historical Soc
036r3gqq-394fe635d8d8fdfdeea12e87caecb3df,UPDATE,NAME,TRUE,en,OFFICIAL,Sutherland Shire Historical Society,OFFICIAL,en,Sutherland Shire Museum
036r3grb-16d8c64360c8838e5351a8e4faa2b78a,UPDATE,NAME,TRUE,en,OFFICIAL,The Manse,OFFICIAL,en,The Manse Mount Druitt
036r3gx2-a97acf6d4584400bab07b3cc925c9a4d,UPDATE,NAME,TRUE,en,OFFICIAL,Warrane,OFFICIAL,en,Macquarie Group-Warrane Exhibition Space
036r3gqy-bbcaa2a8fc2d4146ad1ce084185fd421,UPDATE,NAME,TRUE,en,OFFICIAL,Sun Art Framing,OFFICIAL,en,Sun Art Gallery Framing
036r3grs-e882c6aa233cbd4bacf275c66180f27e,UPDATE,NAME,TRUE,en,OFFICIAL,Burnside Museum North Parramatta,OFFICIAL,en,Uniting Burnside Museum North Parramatta
036r3gx2-a27807fa67644a8d9d68ce9709314137,UPDATE,NAME,TRUE,en,OFFICIAL,The MV Cape Don,OFFICIAL,en,MV Cape Don Society Inc
036r3gxd-e660e540acb98ad5c671e1fd981d654b,UPDATE,NAME,TRUE,en,OFFICIAL,Lightkeeper’s Cottages 1858,OFFICIAL,en,Lightkeepers Cottages 1858
036r650h-eef1dff852a24e8a817780d23481b760,UPDATE,NAME,TRUE,en,OFFICIAL,Arms of Australia Inn Museum 1840,OFFICIAL,en,The Arms of Australia Inn Museum
036r3gx0-fe8e1efab74c4ff89591f27bb18ed2d2,UPDATE,NAME,TRUE,en,OFFICIAL,Gallery LNL$$,OFFICIAL,en,Kerrie Lowe Gallery
036r3gx2-eba23bda0d2475dc19493e22d84d3ba6,UPDATE,NAME,TRUE,en,OFFICIAL,Harbour Mill,OFFICIAL,en,Harbour Mill Weighbridge
036r3grz-4e02c6f1e021cea6249d54fb534abc86,UPDATE,NAME,TRUE,en,OFFICIAL,Ethel Turner,OFFICIAL,en,Blue Plaque Ethel Turner
036r3grr-7db7c8b57da920187f48e524ba0a173b,UPDATE,NAME,TRUE,en,OFFICIAL,Gladesville Bridge,OFFICIAL,en,Old Gladesville Bridge Pier
036r3grw-0cc01143d4894fd3b05977421688cd80,UPDATE,NAME,TRUE,en,OFFICIAL,Brenda Colahan Fine Art,OFFICIAL,en,Brenda Colahan Fine Art - Art Valuers. Art Advisors
036r3gx2-af379998427192a4f76b317f74e56325,UPDATE,NAME,TRUE,en,OFFICIAL,Carpentaria,OFFICIAL,en,Cls4 Carpentaria
036r652k-0fb3c9aaba4b47849ce0ca283367d722,UPDATE,NAME,TRUE,en,OFFICIAL,Historic Roughley House,OFFICIAL,en,Roughley House
036r3gr5-10214831bc34d939792618e247409241,UPDATE,NAME,TRUE,en,OFFICIAL,Garrison Point,OFFICIAL,en,Garrison Point Reserve Playground
036jx7ps-6ef562e86b81093ba2c498231774aba8,UPDATE,NAME,TRUE,en,OFFICIAL,Artsite,OFFICIAL,en,Artsite Contemporary
036r3gry-24f413a90f90fd743d5c75dec362c009,UPDATE,NAME,TRUE,en,OFFICIAL,Macquarie University,OFFICIAL,en,Macquarie University History Museum
036r6525-e221086c2af326cc3953222256c3d337,UPDATE,NAME,TRUE,en,OFFICIAL,Decorlish Living to Design,OFFICIAL,en,"Decorlish Wall Art Paintings Wholesale Store,Decorlish Wall Art Paintings"
036r3gnm-6b152e5732746a1029c95659df44a9c6,UPDATE,NAME,TRUE,en,OFFICIAL,Camden History,OFFICIAL,en,Former Camden Railway Station Site
036r3gqt-5d133f1713924c8586f77080c58f5eca,UPDATE,NAME,TRUE,en,OFFICIAL,Oatley 101,OFFICIAL,en,Oatley 101 Society of Artists
036r3grm-6074998bd9df484bba3ee429c437ad36,UPDATE,NAME,TRUE,en,OFFICIAL,Sydney Olympic Park Authority,OFFICIAL,en,Sydney International Aquatic and Athletic Centres
036r3gx3-30386c46c2d1f55cdbb330fa9e245398,UPDATE,NAME,TRUE,en,OFFICIAL,Robert Cornelius Joyner,OFFICIAL,en,Robert Cornelius Joyne Plaque
036aabd1-25a56d5d8885067f171dd01db754314b,UPDATE,NAME,TRUE,en,OFFICIAL,Q Station,OFFICIAL,en,Q Station Manly - History Experience
036r3gx1-3df9f0a0fe1a4b77875157da2408329e,UPDATE,NAME,TRUE,en,OFFICIAL,Goodwin Village,OFFICIAL,en,ARV Goodwin Village
036r3gr7-c94a402b8b8f5ef9378a8389735139a3,UPDATE,NAME,TRUE,en,OFFICIAL,CARDINAL GILROY VILLAGE,OFFICIAL,en,Southern Cross Care Cardinal Gilroy Village
0368lxx5-0ef387ca7f5a03cb96d582c61c08cd88,UPDATE,NAME,TRUE,en,OFFICIAL,Bupa Aged Care,OFFICIAL,en,Bupa Care Services
036r3gqz-564492895dff4d5b8746e304d9971005,UPDATE,NAME,TRUE,en,OFFICIAL,The Glen Village//////,OFFICIAL,en,Glen Village
0365b8c5-a22cc851fc1d5e91b2230da120382573,UPDATE,NAME,TRUE,en,OFFICIAL,IRT ThomasHolt,OFFICIAL,en,Irt Group
036r3gqm-936c49a55cf441f79da1b79dc0a4675b,UPDATE,NAME,TRUE,en,OFFICIAL,The Palms Aged Care,OFFICIAL,en,Palms Aged Care
036f8b0c-7043284777a97aa032d5a74805ca8518,UPDATE,NAME,TRUE,en,OFFICIAL,Uniting Karinya,OFFICIAL,en,Uniting Karinya Hornsby
036r3grg-38e19b52ef3941d0901dfbde148df9e3,UPDATE,NAME,TRUE,en,OFFICIAL,Woodberry Village,OFFICIAL,en,Anglican Retirement Villages
036r3grp-47838e4783464becaf9208b9ea0e5f5d,UPDATE,NAME,TRUE,en,OFFICIAL,Lewisham Retirement Hostel,OFFICIAL,en,Lewisham Hostel
036r3grx-f2314c6e33984bf180b11f2dcc5c2896,UPDATE,NAME,TRUE,en,OFFICIAL,Hunters Hill Village,OFFICIAL,en,Hunters Hill Village Retirement Living
036cd110-95ea791e60421fce47b01b2737588621,UPDATE,NAME,TRUE,en,OFFICIAL,Uniting Edinglassie Village - ABC,OFFICIAL,en,Uniting Edinglassie
036r3gqq-81547b8b007648ff82b027f94ef73b16,UPDATE,NAME,TRUE,en,OFFICIAL,Fatima Court,OFFICIAL,en,Southern Cross Care Fatima Court
0368lxx5-5cc27f1a941a0930acb2f2ed911302e0,UPDATE,NAME,TRUE,en,OFFICIAL,Columbia Aged Care,OFFICIAL,en,Columbia Aged Care.
0366012b-bb79091025b701ad7a781c1a8e58dd92,UPDATE,NAME,TRUE,en,OFFICIAL,RFBI Roselands Masonic Retirement Village,OFFICIAL,en,RFBI Roselands Masonic Village
036a8ab2-c338d47eb7773f25b446abe177f86ca4,UPDATE,NAME,TRUE,en,OFFICIAL,Uniting Edinglassie.,OFFICIAL,en,Edinglassie Village
036r3gqh-a194d2f13a96495f925db8435acc2376,UPDATE,NAME,TRUE,en,OFFICIAL,Craiglea Village,OFFICIAL,en,Craiglea
036r3gr5-d7d23ddc0d83d0dec3df3b6a55f255b2,UPDATE,NAME,TRUE,en,OFFICIAL,Advantaged Care,OFFICIAL,en,Advantaged Care at Georges Manor
0368lxx5-ef0ad6109c20075e7fd1e2336010308c,UPDATE,NAME,TRUE,en,OFFICIAL,Bayview Gardens Retirement Village,OFFICIAL,en,Aveo Bayview Gardens
036r3grn-04e9e3fc8d734300a38fb7b8db1de6ac,UPDATE,NAME,TRUE,en,OFFICIAL,Bolton Clarke Rosemore,OFFICIAL,en,Rosemore Aged Care
036r3gwc-5ea054dbc4dd45cb978474b134cbc860,UPDATE,NAME,TRUE,en,OFFICIAL,Southern Cross Care,OFFICIAL,en,Southern Cross Village South Coogee
03629974-1e6fa1045104c28b2909e2c4cd737835,UPDATE,NAME,TRUE,en,OFFICIAL,IRT Thomas Holt Stafford Court,OFFICIAL,en,Thomas Holt Villages Stafford Court
036q9wpy-0941aef2859305270a920d818569d8bb,UPDATE,NAME,TRUE,en,OFFICIAL,St Elizabeth Home,OFFICIAL,en,Symonds Rd Opp St Elizabeth Nursing Home
036cb259-354a1f6e6ed5bf43c3f095c5455436e5,UPDATE,NAME,TRUE,en,OFFICIAL,Southern Cross Care,OFFICIAL,en,Southern Cross Homes
036r652n-0d538f2bcd268eafc604a035e491425e,UPDATE,NAME,TRUE,en,OFFICIAL,Adventist Aged Care,OFFICIAL,en,Adventist Aged Care - Wahroonga
036r3grd-5e698d9ed82f4475908a6be4b080b946,UPDATE,NAME,TRUE,en,OFFICIAL,Genista Aged Care,OFFICIAL,en,Genista Aged Care Facility
0369766d-2a98e188dd74e650aa3cc53e12ebd6e2,UPDATE,NAME,TRUE,en,OFFICIAL,Uniting Bankstown,OFFICIAL,en,Uniting Bankstown Centre
036r3gqu-bd08bf82b0ed4b1c813adda9b77e3dc3,UPDATE,NAME,TRUE,en,OFFICIAL,Beechwood Aged Care,OFFICIAL,en,Beechwood Aged Care
036r6587-a8664e5ad07fd0201c2d1eb686b1f551,UPDATE,NAME,TRUE,en,OFFICIAL,Baldwin Living Seabeach Gardens,OFFICIAL,en,Seabeach Gardens
036412f1-00e7b8715e00742f3d3094850f91d393,UPDATE,NAME,TRUE,en,OFFICIAL,Minkara Resort Retirement Living,OFFICIAL,en,Aveo Minkara Resort
036r3gqm-c48a8ab2d3f74f27bb4ca0fe564ea0ef,UPDATE,NAME,TRUE,en,OFFICIAL,Donald Robinson Village,OFFICIAL,en,Anglican Retirement Villages
036r3grr-7268651a59614301a04418ae68f2e19e,UPDATE,NAME,TRUE,en,OFFICIAL,Russell Lea,OFFICIAL,en,Russell Lea Aged Care Facility
036r6584-fb11f683535a44a39f12efeb3f285a14,UPDATE,NAME,TRUE,en,OFFICIAL,Elizabeth Jenkins Place Aged Care Centre,OFFICIAL,en,The Salvation Army Elizabeth Jenkins Place
036r3gr5-3020045cd68c49529096b44c02808f5d,UPDATE,NAME,TRUE,en,OFFICIAL,Bankstown City Aged Care,OFFICIAL,en,Bankstown City Aged-Corporate
036r3gqq-1c039fbaa2179fc046951f414aee109c,UPDATE,NAME,TRUE,en,OFFICIAL,Moran Aged Care,OFFICIAL,en,Moran Gallery
036eaf5c-5e40df1a5d51ee6ce73355209c05efd1,UPDATE,NAME,TRUE,en,OFFICIAL,Camden Downs Retirement Village,OFFICIAL,en,Aveo Camden Downs
036r6524-8f6613cab2944d9e91e6e8ef189497bb,UPDATE,NAME,TRUE,en,OFFICIAL,Adventist Aged Care & Retirement Villages PVT LTD,OFFICIAL,en,Adventist Aged Care - Kings Langley
036r3grf-8237afd888a24e9eab9485ab12efce65,UPDATE,NAME,TRUE,en,OFFICIAL,Hardi Aged Care,OFFICIAL,en,Blacktown Nursing Home
036r652n-925513ee8a036d9ad3438a5285b879a3,UPDATE,NAME,TRUE,en,OFFICIAL,MarkMoran Group,OFFICIAL,en,Mark Moran Warrawee
036r3gqv-c1be184395404051a73702957f97e3b4,UPDATE,NAME,TRUE,en,OFFICIAL,St. Basil's,OFFICIAL,en,St. Basil's Lakemba
036r652h-b708e4020c4a49feaa298fbea739f9ff,UPDATE,NAME,TRUE,en,OFFICIAL,Castle Ridge,OFFICIAL,en,Castle Ridge Resort
036r652k-9dd035a60f654105ba6827b44026b3ae,UPDATE,NAME,TRUE,en,OFFICIAL,Uniting Kentgrove,OFFICIAL,en,Uniting Kentgrove Lodge Kenthurst
0361r4ve-9f09398db43901679ae12b981b365ad2,UPDATE,NAME,TRUE,en,OFFICIAL,Elizabeth Lodge,OFFICIAL,en,Elizabeth Lodge Nursing Home
03640db9-2963606c1bf91c024da5cdad7a5a25de,UPDATE,NAME,TRUE,en,OFFICIAL,Cranbrook Residences,OFFICIAL,en,Cranbrook Residences - Norwest
036r3gxc-fc0d984b8dca4af9982f043cce520a6a,UPDATE,NAME,TRUE,en,OFFICIAL,Scalabrini Allambie Heights,OFFICIAL,en,Scalabrini Village Allambie Heights
036r3grs-434b8f40deed436b8f67bc07ac600e1c,UPDATE,NAME,TRUE,en,OFFICIAL,Southern Cross,OFFICIAL,en,Southern Cross Community Healthcare
036q9wpy-46756989d19a06b36c3efe4bb2fbaf50,UPDATE,NAME,TRUE,en,OFFICIAL,Kooloora Retirement Villages,OFFICIAL,en,Kooloora Melaleuca Villages
0361r4ve-e320bacdb0270e6e1c474f89784891c1,UPDATE,NAME,TRUE,en,OFFICIAL,Baulkham Hills Aged Care Home,OFFICIAL,en,Summitcare Baulkham Hills
036r6584-e0a8f52c957ea3f2bb59d73bf472ed9b,UPDATE,NAMA,TRUE,en,OFFICIAL,Willandra Village and Bungalows,OFFICIAL,en,Willandra Village Bungalows Retirement Community
0360c418-e521673760319ea1ecf4bc5ae514e4c2,UPDATE,NAME,TRUE,en,OFFICIAL,Uniting Westmead,OFFICIAL,en,Uniting Mayflower Westmead
036fb14a-fdc038e5bc201a6b423e75917e56a138,UPDATE,NAME,TRUE,en,OFFICIAL,Noorong,OFFICIAL,en,Noorong Self Care Units KOPWA
036r3gqm-0e0cfd7b672e798a917697ba683502ef,UPDATE,NAME,TRUE,en,OFFICIAL,Mildred Symons House,OFFICIAL,en,Anglicare
036r3grd-e2d8f7f97d924505b61600d81069218f,UPDATE,NAME,TRUE,en,OFFICIAL,Bolton Clarke Pendle Hill,OFFICIAL,en,Bolton Clarke Pendle Hill - Residential Aged Care
036r3gx8-8f2058f375cc447d9c29f0ca38651ba0,UPDATE,NAME,TRUE,en,OFFICIAL,Scalabrini,OFFICIAL,en,Scalabrini Village
036805d9-88cd0e2ff84023e0c8d14c075c6420ff,UPDATE,NAME,TRUE,en,OFFICIAL,DCM Institute,OFFICIAL,en,DCM Group
036r3gx9-519a1389d1fc4993b1fbefdffa9beb79,UPDATE,NAME,TRUE,en,OFFICIAL,Uniting The Garrison Mosman,OFFICIAL,en,The Garrison & Killarney Retirement Centre
036r3gx2-ea1f44f70e1b46398df86a002da19ebd,UPDATE,NAME,TRUE,en,OFFICIAL,St Johns,OFFICIAL,en,St John's Village
036r3gx8-09ff068863344e17be18b49d53ef30d7,UPDATE,NAME,TRUE,en,OFFICIAL,Northbridge,OFFICIAL,en,Northbridge Gardens Retirement Village
036r3grp-9b0b42d12f614ee1a500d8c268d36752,UPDATE,NAME,TRUE,en,OFFICIAL,Uniting Annesley,OFFICIAL,en,Woodfield Nursing Home
036a14b2-b74463ffdd9deb6ec6a5d5ae13a7a3e6,UPDATE,NAME,TRUE,en,OFFICIAL,St Vincent’s Aged Care Heathcote,OFFICIAL,en,St Vincent's Care Services Heathcote
036r3gry-2387fb841bf04191a8a0d3b5e08fc219,UPDATE,NAME,TRUE,en,OFFICIAL,Living Choice Leisure Lea Gardens,OFFICIAL,en,Leisure Lea Gardens
036005a8-e4362d39ab5bf0acd1851db889bd66d4,UPDATE        ,NAME,TRUE,en,OFFICIAL,Pendle Hill Retirement Village,OFFICIAL,en,Fresh Hope Care - Pendle Hill Retirement Village
036r3grq-2bc5d6545a50482d8e0bee1b585052a4,UPDATE,NAME,TRUE,en,OFFICIAL,Bolton Clarke Redleaf Manor,OFFICIAL,en,Redleaf Manor
0363f534-07cf4279a3934ac81158c6034598c00d,UPDATE,NAME,TRUE,en,OFFICIAL,Uniting Mayflower,OFFICIAL,en,Uniting Mayflower Rockdale
036r3gpu-7e8e4f80855ea5e071b26c364c765e44,UPDATE,NAME,TRUE,en,OFFICIAL,Nepean Shores,OFFICIAL,en,Nepean Shores – Penrith
036r3gxb-4b5ac6c33a534119af828b7a23325703,UPDATE,NAME,TRUE,en,OFFICIAL,Lindfield Gardens Retirement Living,OFFICIAL,en,Aveo Lindfield Gardens
036r3gry-527afea258fdb81b668945827ec4e32d,UPDATE,NAME,TRUE,en,OFFICIAL,BaptistCare Cooinda Court Aged Care Home,OFFICIAL,en,Baptistcare Cooinda Court
036r3gqv-32e87f0347864e6184d22b1a693a761e,UPDATE,NAME,TRUE,en,OFFICIAL,Peakhurst Lodge,OFFICIAL,en,Peakhurst Nursing Home
036r3gxf-73f8f8f03ccaf34f16e9ec01d06d5364,UPDATE,NAME,TRUE,en,OFFICIAL,Alexander Aged Care,OFFICIAL,en,Alexander Aged Care Facility
0363e685-a6258aece9620f38316f2169bb2ee360,UPDATE,NAME,TRUE,en,OFFICIAL,Uniting Bowden Brae,OFFICIAL,en,Uniting Bowden Brae Normanhurst
036d408k-7037f6993da602f9972193e3fa8aa935,UPDATE,NAME,TRUE,en,OFFICIAL,Governor Phillip Manor,OFFICIAL,en,Governor Phillip Nursing Home
036r3gx8-52834509aefd44b8a634bd66956a7b66,UPDATE,NAME,TRUE,en,OFFICIAL,Windsor Gardens,OFFICIAL,en,Windsor Gardens Retirement Village
036r3gx9-453bb521ead14d32967a62ce50dfd974,UPDATE,NAME,TRUE,en,OFFICIAL,Bougainvillea,OFFICIAL,en,Bougainvillea The Bay Club Resort
036r3grs-f0978c55ace64217ae0e848b9a572d9f,UPDATE,NAME,TRUE,en,OFFICIAL,Courtlands Village,OFFICIAL,en,Courtlands Retirement Village
0368lxx5-6a318ec60363012d09f81318ef27ac8f,UPDATE,NAME,TRUE,en,OFFICIAL,Upa,OFFICIAL,en,Upa Sydney
036r6584-2c859aa19e0742db9d96198058dab07f,UPDATE,NAME,TRUE,en,OFFICIAL,Warringah Place,OFFICIAL,en,Warringah Place Retirement Village
036cca97-261897f0556764be0130889e5c20c222,UPDATE,NAME,TRUE,en,OFFICIAL,Highline Westmead,OFFICIAL,en,Highline
0368lxx5-3695400735510548674d6d044694f6ba,UPDATE,NAME,TRUE,en,OFFICIAL,Blakehurst Aged Care,OFFICIAL,en,Blakehurst Aged Care Centre
036193a4-9160aac28ea6b6d828359bb6068c106d,UPDATE,NAME,TRUE,en,OFFICIAL,Maple Grove Retirement Village,OFFICIAL,en,Aveo Maple Grove
036r3grn-73e974c420ce22ff8444583d11a0eeda,UPDATE,NAME,TRUE,en,OFFICIAL,Bethel Home Care,OFFICIAL,en,Bethel Nursing Home
036r3gre-db09f7bd6eb74a13ae064ca55234f41c,UPDATE,NAME,TRUE,en,OFFICIAL,Bolton Clarke Cabrini,OFFICIAL,en,Cabrini
03601de2-4d3e51df6e670f1201ca0a730509e747,UPDATE,NAME,TRUE,en,OFFICIAL,Uniting Mayflower Village,OFFICIAL,en,Uniting Mayflower Wentworthville
036r652p-2cd2cbbdcd1cecff31b7910443d4f99e,UPDATE,NAME,TRUE,en,OFFICIAL,Uniting Northaven,OFFICIAL,en,Northhaven Nursing Home
036jx7ps-4ad3845652a70b6d95d75022c6e4b1f2,UPDATE,NAME,TRUE,en,OFFICIAL,Tender Care,OFFICIAL,en,Tender Care Nursing Agency
036r6584-f05e0a9dd03a445989ec6c4ceaf097d8,UPDATE,NAME,TRUE,en,OFFICIAL,Levande Maybrook,OFFICIAL,en,Maybrook Village
036r3gry-6b27888e1a788d34b1745b4344386726,UPDATE,NAME,TRUE,en,OFFICIAL,St Catherine’s Aged Care Services,OFFICIAL,en,St Catherine's Nursing Home
036r3gq9-d955c8866a184fb59d79e667534da158,UPDATE,NAME,TRUE,en,OFFICIAL,Whiddon Easton Park – Glenfield,OFFICIAL,en,The Whiddon Group - Glenfield
036r652r-c87bbd46e29f4383bca2ead5f4076a56,UPDATE,NAME,TRUE,en,OFFICIAL,The Landings,OFFICIAL,en,LDK Turramurra Unit Trust
036r652j-0e6d2f293e9d0d01fe76fda50a5a16d1,UPDATE,NAME,TRUE,en,OFFICIAL,Uniting Bramley,OFFICIAL,en,Uniting Bramley Beecroft
036r3grh-30da123ff23e4d1a8e2561ded6ff20b8,UPDATE,NAME,TRUE,en,OFFICIAL,Bolton Clarke Bass Hill,OFFICIAL,en,Bolton Clarke Bass Hill - Residential Aged Care
036c6533-58e58858ac06cf60cd63553cef727196,UPDATE,NAME,TRUE,en,OFFICIAL,Colah Grand,OFFICIAL,en,Colah Gardens
03683a3e-877aac1a82a6597910ec4ab4e91effab,UPDATE,NAME,TRUE,en,OFFICIAL,Uniting Northaven,OFFICIAL,en,Uniting Northaven Turramurra
036r6583-99ba4aed411f45988d3e9bbf5597e96d,UPDATE,NAME,TRUE,en,OFFICIAL,Terrey Hills Nursing Home,OFFICIAL,en,Thompson Health Care
0367653e-13c3eb4471d0dba13267b7669aea865b,UPDATE,NAME,TRUE,en,OFFICIAL,Gordon Quarter,OFFICIAL,en,Anglican Retirement Villages
036df026-404bdacc6f6167f5ed44034d16fd5331,UPDATE,NAME,TRUE,en,OFFICIAL,Uniting Westmead,OFFICIAL,en,Uniting Mayflower Westmead
036r3gx9-0488b2d614354b6985d507f03b8039df,UPDATE,NAME,TRUE,en,OFFICIAL,Sirius Cove,OFFICIAL,en,Sirius Cove Nursing Home by Hall Prior
036r652r-abff1ab877cf449c930751562086f87a,UPDATE,NAME,TRUE,en,OFFICIAL,Huon Park,OFFICIAL,en,Huon Park Retirement Village
036r652r-d4657ff5b9584bf79270910ab502e4da,UPDATE,NAME,TRUE,en,OFFICIAL,Turramurra House,OFFICIAL,en,Thompson Health Care
03689d37-2b6925c2cd775ef674fa045180327692,UPDATE,NAME,TRUE,en,OFFICIAL,Stoney Creek,OFFICIAL,en,Ingenia Lifestyle Stoney Creek
036r3grh-bbded470348f4dd7a46fc73ac664bcc4,UPDATE,NAME,TRUE,en,OFFICIAL,Bupa Bankstown,OFFICIAL,en,Bupa Aged Care
036791d2-9a52a8dd10f481dcffbfcccf13a61beb,UPDATE,NAME,TRUE,en,OFFICIAL,Ardency Aroona,OFFICIAL,en,Ardency Aroona Retirement Village
036r652j-f81181927f96e7c7957bd88b58da57e4,UPDATE,NAME,TRUE,en,OFFICIAL,The Lakes of Cherrybrook Retirement Village,OFFICIAL,en,The Lakes of Cherrybrook
036r6527-80e653e21b04420ea8463018e4d55616,UPDATE,NAME,TRUE,en,OFFICIAL,Arcare Aged Care,OFFICIAL,en,Arcare Glenhaven
0368lxx5-3770e3c924580b3d7b9588a7c83a25f1,UPDATE,NAME,TRUE,en,OFFICIAL,The Woniora,OFFICIAL,en,The Woniora - Wahroonga
036r3gpv-5e4ccfe34915484292700d6c58ca2d48,UPDATE,NAME,TRUE,en,OFFICIAL,Lemongrove Gardens Residential aged care,OFFICIAL,en,Lemongrove Gardens Village
03616333-5ad77eb0351564e542de402f171a03b7,UPDATE,NAME,TRUE,en,OFFICIAL,Minto Gardens,OFFICIAL,en,Anglicare - Minto Gardens
036r3gqw-bcc711231ddd4af0acf8fae1e7a8db46,UPDATE,NAME,TRUE,en,OFFICIAL,Blakehurst Aged Care Home,OFFICIAL,en,Blakehurst Retirement Village
036r6586-1f01479b6c6c42d3916f7d4f03ff2fa2,UPDATE,NAME,TRUE,en,OFFICIAL,Peninsula Gardens,OFFICIAL,en,Aveo Peninsula Gardens
036r3gxf-9ce1002c78bd45bb9b797ea8e99007f4,UPDATE,NAME,TRUE,en,OFFICIAL,Santa Monica Village,OFFICIAL,en,Southern Cross Care Santa Monica Village
0364e7c3-ab6efba5af4280db51da8a6a9806ca93,UPDATE,NAME,TRUE,en,OFFICIAL,Uniting Mayflower Village,OFFICIAL,en,Uniting Mayflower Pendle Hill
036r3grp-9d9c63d8de1d47e9a56d6273c55aa799,UPDATE,NAME,TRUE,en,OFFICIAL,Annandale Grove,OFFICIAL,en,Opal Annandale
036r3gwc-66f77e885512497ca5b75c1711690765,UPDATE,NAME,TRUE,en,OFFICIAL,St James Villa,OFFICIAL,en,Catholic Healthcare St James Villa
0361r4ve-3d4e388bdbc1024cca5eeba446972a1f,UPDATE,NAME,TRUE,en,OFFICIAL,The Grange,OFFICIAL,en,The Grange Waitara
036fe153-dc5888d0c0640f2a79f9df959fa4fb17,UPDATE,NAME,TRUE,en,OFFICIAL,Ingenia Holidays Nepean River,OFFICIAL,en,Ingenia Lifestyle Nepean River
036r652h-dd0d9396d53b42e88de65efbf80c0303,UPDATE,NAME,TRUE,en,OFFICIAL,The Donald Coburn Centre,OFFICIAL,en,Donald Coburn Centre
036r3grr-d7979d7f8c864571aaaaa3512d8ad252,UPDATE,NAME,TRUE,en,OFFICIAL,Carino Care,OFFICIAL,en,Russell Lea Nursing Home
0361r4ve-40579f318c1e07e22caa6b9677d4d45f,UPDATE,NAME,TRUE,en,OFFICIAL,Gordon Quarter,OFFICIAL,en,Anglicare Sydney - Gordon Quarter
036r3grn-216f3f3bdb314c7291ea2bad8cc85038,UPDATE,NAME,TRUE,en,OFFICIAL,Holy Spirit,OFFICIAL,en,Holy Spirit Croydon
036fea1c-31cb178e49c00df26f5c4d0748688dbb,UPDATE,NAME,TRUE,en,OFFICIAL,Uniting Nulgara Village,OFFICIAL,en,Uniting Nulgara Oatley
0368lxx5-507b9179e0a9016392d9ad65495bf1be,UPDATE,NAME,TRUE,en,OFFICIAL,OLC Care,OFFICIAL,en,Sisters of Our Lady of China
036r3grp-5645c7a2f1e747e88546a16ba2ad70cc,UPDATE,NAME,TRUE,en,OFFICIAL,Cardinal Freeman,OFFICIAL,en,Cardinal Freeman Nursing Home
03618533-44f6f874705051bf119afefbc876f521,UPDATE,NAME,TRUE,en,OFFICIAL,Bella Vista Haven,OFFICIAL,en,Aveo Bella Vista
03603602-c81d0cb63905d0cfeee131fd915c5b35,UPDATE,NAME,TRUE,en,OFFICIAL,Macquarie Lodge Aged Care Centre,OFFICIAL,en,The Salvation Army Aged Care
0365a4d1-23e6886c1c75779b7cf9feb92a184737,UPDATE,NAME,TRUE,en,OFFICIAL,Charles O'Neill Units,OFFICIAL,en,Charles O'Neill Retirement Village
03639b5e-eba2d9c39eb2635e25befca021ae1786,UPDATE,NAME,TRUE,en,OFFICIAL,Rooty Hill Village,OFFICIAL,en,Anglicare Rooty Hill Village
036jx7ps-d78471d0c8d0016fc3e667b2d2e4c380,UPDATE,NAME,TRUE,en,OFFICIAL,Gillawarna Village,OFFICIAL,en,Bankstown City Aged Care
036fc1e3-81a788cb927bd8219ceb8618b107dafe,UPDATE,NAME,TRUE,en,OFFICIAL,Lithuanian Village,OFFICIAL,en,Lithuanian Retirement Village
036r652q-ad0e852299b8a229057b56c62e1b3713,UPDATE,NAME,TRUE,en,OFFICIAL,Christophorus House,OFFICIAL,en,Christophorus House Re
036fb50d-74021c95844d44dca3ba533a9e1ed018,UPDATE,NAME,TRUE,en,OFFICIAL,Mirambeena,OFFICIAL,en,Mirambeena Units
0366013c-c62df20a4e6eda0ddde94660dbea2e4f,UPDATE,NAME,TRUE,en,OFFICIAL,Best Practice Medical,OFFICIAL,en,Best Practice Nursing Agency
036ae3a8-dc6ce7944f40aa0834f63f7c8d744f03,UPDATE,NAME,TRUE,en,OFFICIAL,Paradise and Paradise Care,OFFICIAL,en,Paradise & Paradise Care
0369502c-2069644081a149c8a29a66a7cd342371,UPDATE,NAME,TRUE,en,OFFICIAL,The Village,OFFICIAL,en,Scalabrini
036r6527-2a368dc45cb344bcbdc8ae16b0d0c58a,UPDATE,NAME,TRUE,en,OFFICIAL,Living Choice,OFFICIAL,en,Living Choice Glenhaven
036r3grd-5da68017ab1c442b9610e5672f2f3cba,UPDATE,NAME,TRUE,en,OFFICIAL,Merrylands,OFFICIAL,en,Estia Health Merrylands
036r3gr5-da401b02beb74ca2b411f01a1841f874,UPDATE,NAME,TRUE,en,OFFICIAL,Chipping Norton,OFFICIAL,en,Scalabrini Chipping Norton
036d408k-c8a37be1c625014e3834fb4db001a658,UPDATE,NAME,TRUE,en,OFFICIAL,CARDINAL GILROY VILLAGE,OFFICIAL,en,Southern Cross Care
036r3grx-507a0774bb004423a7a61f90316c6864,UPDATE,NAME,TRUE,en,OFFICIAL,St Anne's Aged Care,OFFICIAL,en,Catholic Healthcare St Anne's Aged Care
036jx7ps-7fc2c161e9b905ac4e22531fed58034f,UPDATE,NAME,TRUE,en,OFFICIAL,Bondi Waters,OFFICIAL,en,Bondi Waters Aged Care
036r3gqy-88f74cea60d34667bcd32dffaf1c35a6,UPDATE,NAME,TRUE,en,OFFICIAL,Estia Health Bexley,OFFICIAL,en,Eddystone Nursing Home
036r3grp-034ede79d4fd46f9a384fcfe9cd63b13,UPDATE,NAME,TRUE,en,OFFICIAL,Annandale Grove,OFFICIAL,en,Annandale Grove Care Community
036r3grn-55fb2ecb1fdb040b8fe8c1efb22a3dd5,UPDATE,NAME,TRUE,en,OFFICIAL,Strathfield Gardens,OFFICIAL,en,Strathfield Gardens Retirement Village
036r652p-2c481af10a9b4384a16b702186f8a394,UPDATE,NAME,TRUE,en,OFFICIAL,Uniting Kari Court,OFFICIAL,en,Wesley Gardens-Kari Court
036r3gqv-5eee1dd3ff2340e788e1071ef7400f5a,UPDATE,NAME,TRUE,en,OFFICIAL,Retirement Community Greglea,OFFICIAL,en,Greglea Retirement Community
036395db-fef742a0806d84e0bcc25e6b773d4c43,UPDATE,NAME,TRUE,en,OFFICIAL,Uniting Pindari,OFFICIAL,en,Uniting Pindari Ryde
036r3gqm-ec31feed63327c1ac48fb6183198c045,UPDATE,NAME,TRUE,en,OFFICIAL,IRT Thomas Holt Kilpatrick Court,OFFICIAL,en,IRT Thomas Holt Village
036366d0-028af0d6daa25546e989673e8621a674,UPDATE,NAME,TRUE,en,OFFICIAL,Levande Cardinal Freeman,OFFICIAL,en,Cardinal Freeman Retirement Village
036r3gxb-2e429856b2a84cd49b900d7610686e4e,UPDATE,NAME,TRUE,en,OFFICIAL,The Residences Castle Cove,OFFICIAL,en,Watermark Castle Cove Services Proprietary
036r3gxf-e05e4a20453f45b19739e81c9a995c48,UPDATE,NAME,TRUE,en,OFFICIAL,Uniting Wesley Heights ,OFFICIAL,en,Wesley Heights Manly
036e8fb3-b8ad5bff0a23048fd1668a718eb61ae9,UPDATE,NAME,TRUE,en,OFFICIAL,KOPWA,OFFICIAL,en,Quambie Self Care Units KOPWA
036r3gqz-23dc4c51d5144ca983a1379c958d445c,UPDATE,NAME,TRUE,en,OFFICIAL,Macquarie Lodge Aged Care Centre,OFFICIAL,en,Macquarie Lodge Retirement Village
036ix57l-5486e6a2d6a00b1e9e5b526c3dbd09e0,UPDATE,NAME,TRUE,en,OFFICIAL,Fairlea Aged Care,OFFICIAL,en,Fairlea Aged Care Harris Park
036r3gqh-a2934e0b0b9241d6a5ab54c2019ef4a8,UPDATE,NAME,TRUE,en,OFFICIAL,Commuter Car Park,OFFICIAL,en,TFNSW Car Park
036r3gre-cf53966c61a56d56ddebaeaa047b6ba7,UPDATE,NAME,TRUE,en,OFFICIAL,Secure Parking,OFFICIAL,en,P1 Westmead Hospital Parking Secure Parking
036r3gx2-8911c1f23d34958711035b8e8c712602,UPDATE,NAME,TRUE,en,OFFICIAL,Secure Parking,OFFICIAL,en,Secure Parking - 168 Clarence Street Car Park
036r3gnm-5ee6620743c98a71d47e463d965e7e46,UPDATE,NAME,TRUE,en,OFFICIAL,Oxley Street Car Park,OFFICIAL,en,Oxley Street Undercover Car Park
036r3gr4-6a6d1ff2cf8cd950a2f5e6dbebe0ee9e,UPDATE,NAME,TRUE,en,OFFICIAL,Fisher Street Car Park,OFFICIAL,en,Fisher Street Multi Level Parking Lot
036r3gx3-02d2a44956deaace81106304828a5de2,UPDATE,NAME,TRUE,en,OFFICIAL,Secure Parking,OFFICIAL,en,Secure Parking - 75 Crown Street Car Park
036r3gry-7eb28cc138cb4a9596b84648b8d484fd,UPDATE,NAME,TRUE,en,OFFICIAL,Rowe Street East Car Park,OFFICIAL,en,InterPark
036r3gx2-3359d95b3f222eabc2d12c32f54a2a75,UPDATE,NAME,TRUE,en,OFFICIAL,Wilson Parking,OFFICIAL,en,155 George St
036r3gr7-6d33ced8790c0b85ed4b348e1566b1c2,UPDATE,NAME,TRUE,en,OFFICIAL,Fairfield Nelson Street Car Park,OFFICIAL,en,Fairfield Park
036r3gx3-ce2511e9dc52b59afca86f76a894c7ee,UPDATE,NAME,TRUE,en,OFFICIAL,Wilson Parking,OFFICIAL,en,33 Cross St
036r3gx8-bc335328bcccc29ee2670511067478f3,UPDATE,NAME,TRUE,en,OFFICIAL,Ridge St car park,OFFICIAL,en,Ridge St
036r3gx1-4bf1ab1472404c9bf650f5b7ed2b60b9,UPDATE,NAME,TRUE,en,OFFICIAL,Interpark,OFFICIAL,en,The Gordon
036r3gx2-875b01062d68186ae88578c21ab5f414,UPDATE,NAME,TRUE,en,OFFICIAL,Secure Parking,OFFICIAL,en,Hilton Sydney
036r3gx8-4b42e62ddd9e1725fe3fb9e4f49bf566,UPDATE,NAME,TRUE,en,OFFICIAL,Wilson Parking,OFFICIAL,en,29-57 Christie St
036r3gx8-eac64a89221151ea5ca21ab79dd21c75,UPDATE,NAME,TRUE,en,OFFICIAL,Ward Street car park,OFFICIAL,en,22 Ward St
036r3gx1-85e0e90e3ac640acb28b9558cfb318c2,UPDATE,NAME,TRUE,en,OFFICIAL,Wilson Parking,OFFICIAL,en,Adelaide St
036r3gx2-6d272c389b63d74e914c734331a4b029,UPDATE,NAME,TRUE,en,OFFICIAL,Wilson Parking,OFFICIAL,en,56 Clarence St Garage
036jx7ps-153a2089ee7a0f1ead929cce3500d91e,UPDATE,NAME,TRUE,en,OFFICIAL,World Square,OFFICIAL,en,Secure Parking
0367e804-f0723a2ad6795cfda198bd98b23fe17b,UPDATE,NAME,TRUE,en,OFFICIAL,Wilson Parking,OFFICIAL,en,1 Fitzwilliam St Garage
036r3gx2-3bf0897055f0a5e12f64886043f21b7a,UPDATE,NAME,TRUE,en,OFFICIAL,Secure Parking,OFFICIAL,en,Met Centre Car Park
036r3gx2-cf7e652eac1d029a0bd58924a8e7c275,UPDATE,NAME,TRUE,en,OFFICIAL,Wilson Parking,OFFICIAL,en,Angel Place
036r3gr7-9dcbcfad84784505ac6b236416546390,UPDATE,NAME,TRUE,en,OFFICIAL,Downey Lane var parj,OFFICIAL,en,Downey Lane
036r3gx2-d55d4c153b1e484f6ec8a6fa901d7f4a,UPDATE,NAME,TRUE,en,OFFICIAL,Secure Parking,OFFICIAL,en,Landmark
036r3gx8-cd574337527a1e704c2b749db4a4638a,UPDATE,NAME,TRUE,en,OFFICIAL,Wilson Parking,OFFICIAL,en,The Denison
036r3gx2-c3e8a301971d4deeacc51ea274f77cef,UPDATE,NAME,TRUE,en,OFFICIAL,Wilson Parking,OFFICIAL,en,InterPark
036r3gx1-82af95e9bbd6da48eece53a12fcc55cd,UPDATE,NAME,TRUE,en,OFFICIAL,Wilson Parking,OFFICIAL,en,The Spot
036r3gre-2bddb37d98194bb5bb00a3f030e04388,UPDATE,NAME,TRUE,en,OFFICIAL,Secure Parking,OFFICIAL,en,Visitor Car Park
036bma4v-46742f0ce39706ad7d6d86d32058529b,UPDATE,NAME,TRUE,en,OFFICIAL,Wilson Parking,OFFICIAL,en,1 Pacific Highway
036r3gx2-61812b2fb5cbbd6ad057ceb5c33818cf,UPDATE,NAME,TRUE,en,OFFICIAL,Wilson Parking,OFFICIAL,en,No. 1 O'Connell St Car Park
036bma4v-b76bc6b1fb4f09c8c75b760a47016198,UPDATE,NAME,TRUE,en,OFFICIAL,Secure Parking,OFFICIAL,en,Mosman Club
036bma4v-258fb9c1973b0710c8b055de92cc9e82,UPDATE,NAME,TRUE,en,OFFICIAL,Secure Parking,OFFICIAL,en,The Wharf
036r3gx2-9cd53fdfb8b6b6a8063d8646582ae6db,UPDATE,NAME,TRUE,en,OFFICIAL,Wilson Parking,OFFICIAL,en,Secure Parking
036r3grf-a1ab5a42328a4696b760e141e44952f5,UPDATE,NAME,TRUE,en,OFFICIAL,Seven Hills Plaza Parking,OFFICIAL,en,Parking Garage/House
036r3gx2-5871155d99a541c6b9d97bd785099bb5,UPDATE,NAME,TRUE,en,OFFICIAL,Wilson Parking,OFFICIAL,en,1 O'Connell Street
036r3gx0-90da6be9519e4632aa70e88d54d8a494,UPDATE,NAME,TRUE,en,OFFICIAL,Secure Parking,OFFICIAL,en,Office Works
036r3gx0-2a98019c8918f9d5da8472c46a96454d,UPDATE,NAME,TRUE,en,OFFICIAL,Wilson Parking,OFFICIAL,en,55 Holt St
036r3gx2-ab95bb3a9f6790fd3746819141a23b9c,UPDATE,NAME,TRUE,en,OFFICIAL,Wilson Parking,OFFICIAL,en,Barangaroo Reserve
036r3gx2-34c452dc31bfa1d6c3b62c216a597cf3,UPDATE,NAME,TRUE,en,OFFICIAL,Secure Parking,OFFICIAL,en,255 Elizabeth St
036r3gx8-de8140df1b7efee9c1fa90b4c77512e8,UPDATE,NAME,TRUE,en,OFFICIAL,Secure Parking,OFFICIAL,en,Clemenger
036r3gx8-570ff4f98627454146e24b561dc29814,UPDATE,NAME,TRUE,en,OFFICIAL,Wilson Parking,OFFICIAL,en,North Shore Health Hub
036r3gx2-dbc686ab60e5fe400cc522e8c5a9bd4f,UPDATE,NAME,TRUE,en,OFFICIAL,Wilson Parking,OFFICIAL,en,The Domain
036r3grz-eebb6b2f7213b5007cb75453f4e6bc92,UPDATE,NAME,TRUE,en,OFFICIAL,Park&Ride,OFFICIAL,en,P+R Gordon
036r3gx2-bed57caa4b3ff2fdf2ff67c63b983e62,UPDATE,NAME,TRUE,en,OFFICIAL,Wilson Parking,OFFICIAL,en,Jones Bay Wharf
036r3gx2-366d4741b5edc0c1ff845bad4077bbe4,UPDATE,NAME,TRUE,en,OFFICIAL,Wilson Parking,OFFICIAL,en,Gateway Car Park
036r3grm-96b4c0e8e9baf56e0d36c88ff3b0bfeb,UPDATE,NAME,TRUE,en,OFFICIAL,Secure Parking,OFFICIAL,en,Sydney Olympic Park - P8
036r3gwc-b2e31b1da8f51e3a8dbc72de0b500dad,UPDATE,NAME,TRUE,en,OFFICIAL,Pagewood Rex Hotel Car Park,OFFICIAL,en,Pagewood Hotel Carpark
036r3gqz-db1b82957480e74006eeb2d2385d44cf,UPDATE,NAME,TRUE,en,OFFICIAL,Wilson Parking,OFFICIAL,en,Tafe Kogarah
036r3gr7-76153ceb13beaaaa2b5637f45e50a353,UPDATE,NAME,TRUE,en,OFFICIAL,Fairfield City,OFFICIAL,en,10-12 Kenyon St
036r3gqm-15853c6dec61bf21c9ed93be9638c24e,UPDATE,NAME,TRUE,en,OFFICIAL,Commuter Car Park,OFFICIAL,en,Loftus Station - South Lot
036r3gxf-553b64ee8ab357daf6dca1985b9663e5,UPDATE,NAME,TRUE,en,OFFICIAL,Dee Why,OFFICIAL,en,Dee Why Library
036r3grv-6904194ef07048288ac12b19a8f0fc8e,UPDATE,NAME,TRUE,en,OFFICIAL,Woolworths staff Parking,OFFICIAL,en,Parking Lot
036r3gqy-cc82ea4bda0932f4644a87bd22fbceae,UPDATE,NAME,TRUE,en,OFFICIAL,Earlwood Growers Market,OFFICIAL,en,Earlwood Market
036r3gr4-f151924031bc526fa301264965f91264,UPDATE,NAME,TRUE,en,OFFICIAL,Westfield,OFFICIAL,en,Westfield Liverpool east parking lot
036r3gnp-1cae3713636aa3d75e0f653157ab1b9c,UPDATE,NAME,TRUE,en,OFFICIAL,Green,OFFICIAL,en,3 Milgate Ln
036r3grc-2fcd1ded4375444596f8c1689ea98060,UPDATE,NAME,TRUE,en,OFFICIAL,Blacktown City Council,OFFICIAL,en,Parking Lot
036r3grh-dbed438571b548eb8c197450f5a4a7c3,UPDATE,NAME,TRUE,en,OFFICIAL,Waldron Rd Carpark,OFFICIAL,en,Parking Lot
036r3gqm-1f75cd87d1fc490eb90d0e173d81eca5,UPDATE,NAME,TRUE,en,OFFICIAL,Commuter Car Park,OFFICIAL,en,Parking Lot
036r3gqu-c86b18849de940adbeed4e570196bf40,UPDATE,NAME,TRUE,en,OFFICIAL,Peffer Street Carpark,OFFICIAL,en,31 Peffer St
036r3gry-23456342aa917b44bf290b059fbe9b2a,UPDATE,NAME,TRUE,en,OFFICIAL,Macquarie Centre,OFFICIAL,en,Macquarie Centre-Entrance Northeast
036r6584-aef890c5d3b0cfdf4a8d5b422eb713f0,UPDATE,NAME,TRUE,en,OFFICIAL,Narrabeen Street Parking Area,OFFICIAL,en,Narrabeen Street Beach Carpark
036bma4v-4774e247520c0218315db5a56471b07d,UPDATE,NAME,TRUE,en,OFFICIAL,Library & Museum,OFFICIAL,en,King St
036bma4v-300017481984078df845f9e16bd444e5,UPDATE,NAME,TRUE,en,OFFICIAL,Kings Road Car Park,OFFICIAL,en,2-6 Kings Rd
036r3gqm-156c5612cee74d29b8a798edb4d742bd,UPDATE,NAME,TRUE,en,OFFICIAL,Sutherland Park & Ride,OFFICIAL,en,Sutherland Car Park
036r3grp-b6dfcefd05e485655913b08b75346faf,UPDATE,NAME,TRUE,en,OFFICIAL,Calvert Street Parking,OFFICIAL,en,Banana Joe's Foodworks
036jx7ps-745a71a3936e07dc999c1cce5d859d0e,UPDATE,NAME,TRUE,en,OFFICIAL,Dee Why Beach Parking Area,OFFICIAL,en,Parking Lot
036bma4v-8d7ce8dd2d7201f138e7168fd097edcf,UPDATE,NAME,TRUE,en,OFFICIAL,Victoria Street Parking Area,OFFICIAL,en,41 Victoria St
036r3gxf-512234951ed704fbbeb3b370cb74c5a5,UPDATE,NAME,TRUE,en,OFFICIAL,Moore Road Parking Area,OFFICIAL,en,Moore Road
036bma4v-d3d06f0868210b630059ed906ba8e158,UPDATE,NAME,TRUE,en,OFFICIAL,Ku-Ring-Gai Council Car Park 4,OFFICIAL,en,9 Wellington Rd
036r6587-67468a799a5f16fe71d45912974ed4d1,UPDATE,NAME,TRUE,en,OFFICIAL,Birdwood Park Parking Area,OFFICIAL,en,Parking Lot
036r6584-a63780970c64cb345cc644140af999a6,UPDATE,NAME,TRUE,en,OFFICIAL,Collaroy Beach South Parking Area,OFFICIAL,en,Collaroy Beach South
036r3grs-f32033440b81efed35d10da60e503bc7,UPDATE,NAME,TRUE,en,OFFICIAL,Westfield Parking,OFFICIAL,en,Wilson Parking
036r3gr4-85ae46f32dab42b5a2c51919cf41fd4b,UPDATE,NAME,TRUE,en,OFFICIAL,Bathurst St Parking Area,OFFICIAL,en,Bathurst Street
036jx7ps-ce14b14dd4f207952aa07db193f41967,UPDATE,NAME,TRUE,en,OFFICIAL,Middle Head-Car Park 2,OFFICIAL,en,Parking Lot
036r3grm-2adeeb6afa2945a9bb8a5101da9485e9,UPDATE,NAME,TRUE,en,OFFICIAL,Waterview,OFFICIAL,en,Parking Lot
036r3gxf-007c508a400949e7bccd6f2ef3145f4c,UPDATE,NAME,TRUE,en,OFFICIAL,Moore Road Parking area,OFFICIAL,en,Parking Lot
036r3grj-4b97b44a7f3c4d0c9b4227fe2308a00e,UPDATE,NAME,TRUE,en,OFFICIAL,Al Mustafa Petroleum,OFFICIAL,en,Al Mustafa Petrol
036r3gr1-6fa8ebba729795c447aa15337c694b6a,UPDATE,NAME,TRUE,en,OFFICIAL,U GO,OFFICIAL,en,CALTEX
036cc104-d12c9e971ea9e1f301e40196c672bb6b,UPDATE,NAME,TRUE,en,OFFICIAL,Shell,OFFICIAL,en,Shell express
0361442b-0d6c8d521dd1147ba04edd2c730b6ee1,UPDATE,NAME,TRUE,en,OFFICIAL,Clovelly Automotive,OFFICIAL,en,Clovelly Automotive Services
036r3grx-cc330f13c34241c09b7640443fcd336a,UPDATE,NAME,TRUE,en,OFFICIAL,The Village Shopping Centre,OFFICIAL,en,Village Shopping Centre
036r3gr6-8d31dd55b6034c8fa3d4279c5d803989,UPDATE,NAME,TRUE,en,OFFICIAL,Market Town Wetherill Park,OFFICIAL,en,Wetherill Park Market Town
036r652h-f8922a66673978e88ba999b5b455744c,UPDATE,NAME,TRUE,en,OFFICIAL,Castle Towers,OFFICIAL,en,Castle Towers Shopping Centre
036r3gwc-81bc6e371a970b4965a8d38a2d6821cc,UPDATE,NAME,TRUE,en,OFFICIAL,Peninsula Village,OFFICIAL,en,Peninsula Village Shopping Centre
036r3gx9-de640d10050d4ad2a54dd94698b237b7,UPDATE,NAME,TRUE,en,OFFICIAL,Cremorne Town Centre,OFFICIAL,en,Cremorne Town Centre Pharmacy
036r3gpv-d8a32933d6a00ac7cbc767c693f38524,UPDATE,NAME,TRUE,en,OFFICIAL,Penrith Centre,OFFICIAL,en,Penrith Office
036r3grt-c6387509c2424540b49f11378e766155,UPDATE,NAME,TRUE,en,OFFICIAL,Marina Square,OFFICIAL,en,Wentworth Point Marine
036r6586-85418907d7c37fcd204d68d7dec0272e,UPDATE,NAME,TRUE,en,OFFICIAL,Warriewood Square,OFFICIAL,en,Centro Warriewood
036r3grb-27f4743f78259ef3a52ab168593f420c,UPDATE,NAME,TRUE,en,OFFICIAL,Eastern Creek Quarter,OFFICIAL,en,Ecq XL Shopping Centre
036r3gpu-454bc1d210e2443fa11a9b37346fde87,UPDATE,NAME,TRUE,en,OFFICIAL,Lennox Village Shopping Centre,OFFICIAL,en,Lennox Village-Northwest Entrance
036r652h-5f88a5c920edd48e2a06df38919ecdde,UPDATE,NAME,TRUE,en,OFFICIAL,Castle Towers-Ent 3,OFFICIAL,en,Castle Towers Shopping Centre-Ent 3
036r6580-fbf37f9311575e3725348c9fe70ecaa2,UPDATE,NAME,TRUE,en,OFFICIAL,Glenrose Village,OFFICIAL,en,Stockland Shopping Centre Glenrose
036r6521-515b44ad6f9f49c29346b3728d31e521,UPDATE,NAME,TRUE,en,OFFICIAL,Woodcroft Village ,OFFICIAL,en,Centro Woodcroft
036r3gqv-1b1bed368377accff6e467675edefbb4,UPDATE,NAME,TRUE,en,OFFICIAL,Roselands,OFFICIAL,en,Centro Roselands
0361ae88-658172cef883730b42c86c4d5536b9ba,UPDATE,NAME,TRUE,en,OFFICIAL,ELKA COLLECTIVE,OFFICIAL,en,Elka Collective QVB
036jx7ps-83b7df8b492608ad0072b1c0b6fa658a,UPDATE,NAME,TRUE,en,OFFICIAL,Casula Mall,OFFICIAL,en,Casula Mall Shopping Ctr-North Ent1
036r3gpv-3c78d611bd374ca99d191089521ac751,UPDATE,NAME,TRUE,en,OFFICIAL,Southlands,OFFICIAL,en,Southlands Estate Agents
036r3gnq-4091c4314d4729fd3662414393543908,UPDATE,NAME,TRUE,en,OFFICIAL,Narellan Town Centre,OFFICIAL,en,Narellan Gateway Centre
036jx7ps-f966d55b0b9e04584478fc00d2c58bfd,UPDATE,NAME,TRUE,en,OFFICIAL,Broadway Sydney,OFFICIAL,en,Broadway Shopping Centre
036r3grw-5879a3816edc7e66066aebe302f991ed,UPDATE,NAME,TRUE,en,OFFICIAL,Top Ryde City,OFFICIAL,en,Monkey Mania Top Ryde
036r3gqv-2b5443c810dda61fc264aae4e15a5497,UPDATE,NAME,TRUE,en,OFFICIAL,Roselands,OFFICIAL,en,Centro Roselands Shopping Centre
036r6521-46c7de34469871ff2823060c81512dbc,UPDATE,NAME,TRUE,en,OFFICIAL,Quakers Court,OFFICIAL,en,Quakers Court Park
036r3gqc-f44eaca7759f45dbad82e8f6b7fd590b,UPDATE,NAME,TRUE,en,OFFICIAL,Casula Mall,OFFICIAL,en,Payless Shoes Casula
036r3grr-ec6a92542f224f80976eb2e38336eb8b,UPDATE,NAME,TRUE,en,OFFICIAL,Sutton Buildings,OFFICIAL,en,Sutton Place Shopping Centre
036r3gx2-12a391acaa90c0c00560ea0750c5f75d,UPDATE,NAME,TRUE,en,OFFICIAL,Above the Clouds,OFFICIAL,en,Above the Clouds Store
036r3grv-7a135b3aabee8bc73eadb5ba93984ccf,UPDATE,NAME,TRUE,en,OFFICIAL,The Epping Club ,OFFICIAL,en,Epping Club Walk
036d488c-889fc16181e6ed2360b7cd57aa92544c,UPDATE,NAME,TRUE,en,OFFICIAL,Top Ryde City,OFFICIAL,en,Top Ryde Sushiroll
036r3gqq-c7c7ce82b7d4a70877873cc8db1b82be,UPDATE,NAME,TRUE,en,OFFICIAL,Home Co. Caringbah,OFFICIAL,en,Caringbah Super Centre
036jx7ps-961d0f61f4aa0b751e5b20385c0d72cd,UPDATE,NAME,TRUE,en,OFFICIAL,Top Ryde City,OFFICIAL,en,Top Ryde City Shopping Centre
036r3gx2-f2833cc8651524c290ddc262447cb71e,UPDATE,NAME,TRUE,en,OFFICIAL,Martin Place,OFFICIAL,en,Martin Place Shopping Circle
036jx7ps-3724ce0cba630d0304730f21d01a7b04,UPDATE,NAME,TRUE,en,OFFICIAL,Fairfield Chase,OFFICIAL,en,Fairfield Chase Shopping Centre
036r3gpv-ee0fc2e1d46c45e9b2c3d782eefc4393,UPDATE,NAME,TRUE,en,OFFICIAL,Nepean Village,OFFICIAL,en,Nepean Village Auto Service & Repair Centre
036r3gqc-1fd00e6cdcb14ebea408969e6f55fc76,UPDATE,NAME,TRUE,en,OFFICIAL,Casula Mall,OFFICIAL,en,Casula Mall Shopping Centre
036r3grf-eb7d6ea6e9b62b67eeee2b27e95196ba,UPDATE,NAME,TRUE,en,OFFICIAL,Seven Hills Plaza,OFFICIAL,en,Centro Seven Hills Shopping Center
036r3grs-d282c8dfe21544468921791f598cd871,UPDATE,NAME,TRUE,en,OFFICIAL,Auburn Megamall,OFFICIAL,en,Primewest Auburn Megamall
036r3grs-2c696c3fade6009a55102094165f660c,UPDATE,NAME,TRUE,en,OFFICIAL,Whitlam Institute,OFFICIAL,en,Female Orphan School
036r3gqv-e083ee9e468226e3d47181ce15871bfa,UPDATE,NAME,TRUE,en,OFFICIAL,Spy Amusements,OFFICIAL,en,Spywill Amusements
036r3grj-f766f0e0cede4c499b2db9d6dabe7d6c,UPDATE,NAME,TRUE,en,OFFICIAL,Yang's Tae Kwon do,OFFICIAL,en,Yang s Tae Kwondo
036r3gx2-a3a77b30c60b81fac146b81b150fddbf,UPDATE,NAME,TRUE,en,OFFICIAL,Writers Walk,OFFICIAL,en,Sydney Writers Walk
036r3gqr-fd8dcc184b1c55a1990f9b4c9b19f792,UPDATE,NAME,TRUE,en,OFFICIAL,Cronulla Art Gallery,OFFICIAL,en,Cronulla Art & Framing Gallery
036r3gnq-cfddb423c04745f9eb9dbad3224e3461,UPDATE,NAME,TRUE,en,OFFICIAL,Mount Annan Leisure Centre,OFFICIAL,en,Mt Annan Leisure Centre
036r3grw-83eb855884f08bfb3f864e77a31ec7c6,UPDATE,NAME,TRUE,en,OFFICIAL,Birdies Mini Golf & Sports Bar,OFFICIAL,en,Birdie's Mini Golf
036r3gx2-5995da40fdbbd791d4840242d1b44aaf,UPDATE,NAME,TRUE,en,OFFICIAL,Tramsheds Growers & Artisan Market,OFFICIAL,en,Tramsheds Growers Market
036r3gqc-e96c87ff667757c936e2406508900569,UPDATE,NAME,TRUE,en,OFFICIAL,Leacock Regional Park,OFFICIAL,en,Leacock Picnic Area
036aabd1-9344f53750440db48af7df418365f35d,UPDATE,NAME,TRUE,en,OFFICIAL,Spitfire Paintball Go Karts & Laser Tag,OFFICIAL,en,Spitfire Paintball
036r3gx3-161bf6573d5f8b96a1034b356d64ca51,UPDATE,NAME,TRUE,en,OFFICIAL,Redleaf Cafe,OFFICIAL,en,Redleaf House
036r3gpu-e635dd68561cadde44b39ea02eb43260,UPDATE,NAME,TRUE,en,OFFICIAL,FREAK,OFFICIAL,en,Freak Penrith
036r3gx1-f06b995801632f3b5d14a498bb431c4e,UPDATE,NAME,TRUE,en,OFFICIAL,Royal Randwick,OFFICIAL,en,Royal Randwick Racecourse
036r3gqu-6a3950faf97153ec28af25c62364cf64,UPDATE,NAME,TRUE,en,OFFICIAL,The Eid Show,OFFICIAL,en,Annual Islamic Eid Show
036r3gx6-315e95106f0742d391b68b02cd8af9d4,UPDATE,NAME,TRUE,en,OFFICIAL,Strickland Estate,OFFICIAL,en,Strictland House
036r3gqz-87b48bd56585926777f0b75ed58e8625,UPDATE,NAME,TRUE,en,OFFICIAL,Taylor Street Reserve,OFFICIAL,en,Taylor Street Playground
036r3gx2-67114618db51fc487313c728b9172a7f,UPDATE,NAME,TRUE,en,OFFICIAL,Robert Brough,OFFICIAL,en,The Robert Brough Memorial Fountain
036r3gxc-9a6ebecb92ad5479513edab6ea5736a3,UPDATE,NAME,TRUE,en,OFFICIAL,Baranbali Park,OFFICIAL,en,Baranbali Park Playground Seaforth
036r6580-abe0f6067d93538985200e9c7c2076aa,UPDATE,NAME,TRUE,en,OFFICIAL,Bare Creek Bike Park,OFFICIAL,en,Bare Creek Bike Path
036r3grq-a9b1bcc4202d8e1ca5e85f58a5decfac,UPDATE,NAME,TRUE,en,OFFICIAL,Dobroyd Canal,OFFICIAL,en,Dobroyd Canal Shoulder North
036r3gxb-f27776214b385ed1dbd960452009b13e,UPDATE,NAME,TRUE,en,OFFICIAL,Calca Reserve Playground,OFFICIAL,en,Calca Reserve
036r3gx2-385918c181fb4cecbc3c2c330e3cb51a,UPDATE,NAME,TRUE,en,OFFICIAL,Anzac Memorial,OFFICIAL,en,Anzac War Memorial
036r3grp-d56a5d08d87a2fce27a7b25bc98159fc,UPDATE,NAME,TRUE,en,OFFICIAL,Bricks 4 Kidz,OFFICIAL,en,Bricks 4 Kidz Inner West Sydney
036r6585-3047e1b1972801cd02471403159679bf,UPDATE,NAME,TRUE,en,OFFICIAL,Long Reef Golf Club,OFFICIAL,en,Long Reef Beach
036r3grn-79329b6c47253d290bd013390dea1d95,UPDATE,NAME,TRUE,en,OFFICIAL,St Pauls Cl,OFFICIAL,en,St Pauls Close Reserve
036r6526-37b67d4bc94452d8d0ae3c12d15157ba,UPDATE,NAME,TRUE,en,OFFICIAL,Village of Aberdour,OFFICIAL,en,Aberdour Village Reserve
036r3grp-41ed1d3c02cb4db0bcbf218a3476ce9a,UPDATE,NAME,TRUE,en,OFFICIAL,Men of Marrickville,OFFICIAL,en,Marrickville War Memorial
036r3gqg-6e6b7ddb0a8062adb63c7d3acd91da9b,UPDATE,NAME,TRUE,en,OFFICIAL,Merry Christmas,OFFICIAL,en,Christmas Decoration
036r3gqr-969890703c7b7acf06c81a0b1abec54e,UPDATE,NAME,TRUE,en,OFFICIAL,North Cronulla Beach,OFFICIAL,en,Cronulla Ocean Pools
036r3gx2-63689a6ec2a4780ab31a7e73530fec4d,UPDATE,NAME,TRUE,en,OFFICIAL,Harbour Tours,OFFICIAL,en,Harbour Jet
036r6520-ed09eec1d74fdedc144db2b6f676777e,UPDATE,NAME,TRUE,en,OFFICIAL,Croc's Playcentre,OFFICIAL,en,Croc's Playcentre Marsden Park
036r3gx3-fd3c96b457967c8bea59481bcc5d5c68,UPDATE,NAME,TRUE,en,OFFICIAL,Bradleys Head,OFFICIAL,en,Bradleys Head To Chowder Bay Walk
036r3gx2-9392faf0c5fc4efe8d06ebedd3f65f29,UPDATE,NAME,TRUE,en,OFFICIAL,Harbour Imagination,OFFICIAL,en,Darling Harbour
036r3gq9-477f881eb874f19e9f951393412ed8f5,UPDATE,NAME,TRUE,en,OFFICIAL,Macquarie Fields,OFFICIAL,en,Macquarie Fields Skate Park
036r3gx3-3b19e04ce5d7cface383efc4ad82a948,UPDATE,NAME,TRUE,en,OFFICIAL,Sydney Jewish Museum,OFFICIAL,en,Jewish War Memorial and Museum
036r3gx0-33c462aff8cdde6bd8dff170bbb3c33f,UPDATE,NAME,TRUE,en,OFFICIAL,Preserving Sydney Park's Brick Kilns,OFFICIAL,en,Sydney Park Brick Kilns and Chimneys
036r3gx1-2f0ae02b5fd64c358af67b574ef24793,UPDATE,NAME,TRUE,en,OFFICIAL,Centennial Parklands,OFFICIAL,en,Centennial Park
036r3gx2-1e7da54583e04902201b390dfdf8b6ca,UPDATE,NAME,TRUE,en,OFFICIAL,Mission Room Escape,OFFICIAL,en,Mission Room Escape George Street
036r6523-5b2558eef0d84a74a7ca7a161b9b13c2,UPDATE,NAME,TRUE,en,OFFICIAL,Rouse Hill Regional Park,OFFICIAL,en,Rouse Hill Picnic Area and Playground
036r3grt-f7337255404345dd44c4c138e8012684,UPDATE,NAME,TRUE,en,OFFICIAL,Pinotpetcasso,OFFICIAL,en,Pinot and Picasso
036r3grt-6c1cfcf859e54697be58fca0e25ff1af,UPDATE,NAME,TRUE,en,OFFICIAL,BirdLife Australia,OFFICIAL,en,Birds Australia Discovery Centre
036r3grp-83bf2136b2922f2573bddfd43ed736fd,UPDATE,NAME,TRUE,en,OFFICIAL,Steel Park Waterplay Park,OFFICIAL,en,Waterplay Park
036r3gx0-4beda3ae19664fb9b3e34feb353412bd,UPDATE,NAME,TRUE,en,OFFICIAL,Crown Hotel,OFFICIAL,en,Crown Hotel Surry Hi
036r3gwb-ab49e1eff2af83558d885d021e926330,UPDATE,NAME,TRUE,en,OFFICIAL,Muller Denture center,OFFICIAL,en,Heidi Muller
036r3grw-8fcbd67a638919dff7c754020bf6be7d,UPDATE,NAME,TRUE,en,OFFICIAL,NOMAD,OFFICIAL,en,Nomad Bouldering Gym - Gladesville
0368lxx5-a6980cf603d80c78ba4bacc6738f2fb4,UPDATE,NAME,TRUE,en,OFFICIAL,Thorbys Arcade,OFFICIAL,en,Thorbys Arcade Family Medical Practice
036r3gx3-0c964fe1363e021a673174fb8e41bece,UPDATE,NAME,TRUE,en,OFFICIAL,the Medicine Man,OFFICIAL,en,The Medicine Man Ayurvedic Clinic
036r3gr5-eb27347f81e63dffd814fa0d5b2d47aa,UPDATE,NAME,TRUE,en,OFFICIAL,Align Dentistry,OFFICIAL,en,Align Dentistry Orthodontics Medical Centre
036r3gnp-02ae1fff503e92ea2beb8651008af066,UPDATE,NAME,TRUE,en,OFFICIAL,Lee Massage & Acupuncture,OFFICIAL,en,Lee Massage Acupuncture Campbelltown Mall
036r3gpu-230aa281878889dce58b65e7f154ee88,UPDATE,NAME,TRUE,en,OFFICIAL,Lollipop's,OFFICIAL,en,Lollipops Playland & Cafe
036r3gqx-d9c0ae3a4637e2afc3156fcafed2453d,UPDATE,NAME,TRUE,en,OFFICIAL,St. Basil's,OFFICIAL,en,Majestic Health Aged Care
036r3gx4-a2708a60783f0b8bfaa4d1bd3e52f1c9,UPDATE,NAME,TRUE,en,OFFICIAL,bondimarkets,OFFICIAL,en,Bondi Farmers Market
036r3gpz-22c7de4031794232be7c67fa332faf61,UPDATE,NAME,TRUE,en,OFFICIAL,The Doctors,OFFICIAL,en,The Doctors Mt Druitt Medical Hub
036r6520-4653aac1dadc1e329c6cfd91fc81f3f9,UPDATE,NAME,TRUE,en,OFFICIAL,Specsavers,OFFICIAL,en,Specsavers Optometrists - Plumpton Marketplace
036r3gqq-3ba471c214043b5616a4a39e68fa15d4,UPDATE,NAME,TRUE,en,OFFICIAL,Cancer Care Southside Centre,OFFICIAL,en,Southside Cancer Care Centre
036r3grj-e1eb3d9756074f3c8303585a07b11a18,UPDATE,NAME,TRUE,en,OFFICIAL,Hamze Bros Fruit Market,OFFICIAL,en,Hamze Supermarket
036r3grb-4f3495fca19348f28c8bc6f2e4052b0d,UPDATE,NAME,TRUE,en,OFFICIAL,Meredith Respiratory and Sleep Centre,OFFICIAL,en,DR.J.Janjis
036r3gxd-c6c9bec33c09bff5c012ecd594f48bc0,UPDATE,NAME,TRUE,en,OFFICIAL,Dr Pechar,OFFICIAL,en,Pelchar Dentistry
036jx7ps-288030ee39fc027387a39b4e04f12267,UPDATE,NAME,TRUE,en,OFFICIAL,SummitCare,OFFICIAL,en,Summitcare Canley Vale
036r3gx8-6db622cd8e03e0ecbd0d442855ba1b14,UPDATE,NAME,TRUE,en,OFFICIAL,Dentsply Sirona,OFFICIAL,en,Dentsply
036de246-44cf774ab9faaffe71380cc3e8417e96,UPDATE,NAME,TRUE,en,OFFICIAL,Elegance Eyewear ,OFFICIAL,en,Elegance Eyewear 2023
036r3gx9-e3016b1f4f6748a29168be0a2c011fec,UPDATE,NAME,TRUE,en,OFFICIAL,Mosman Medical Centre,OFFICIAL,en,Mosman Medical Centre - Dr Cope Elizabeth
036jx7ps-c5b046f1a3ed01e2dd3013c260cb2d0f,UPDATE,NAME,TRUE,en,OFFICIAL,Macarthur Square,OFFICIAL,en,MacArthur Square-East Entrance
036r3grd-66353b93f76031abec3e061a70481fc7,UPDATE,NAME,TRUE,en,OFFICIAL,Chipmunks Playland & Cafe,OFFICIAL,en,Chipmunks Playland & Cafe Prospect
036r3gx0-785cb0996ebf43e1afdb0ff514b6d24f,UPDATE,NAME,TRUE,en,OFFICIAL,Rosebery Eye Specialist Centre,OFFICIAL,en,The Rosebery Day Surgery
036r3gre-b929985bf934445d9d2f946161645262,UPDATE,NAME,TRUE,en,OFFICIAL,Primary Dental,OFFICIAL,en,Primary Dental Merrylands
036r3grh-5006bd658f59492fa8b01f453e47b5e5,UPDATE,NAME,TRUE,en,OFFICIAL,Chester Hill Hotel,OFFICIAL,en,Nightcap at Chester Hill Hotel
036r652k-14d6590643ab413282777ad6378a746c,UPDATE,NAME,TRUE,en,OFFICIAL,Dural Active Health Physiotherapy,OFFICIAL,en,Dural Active Health
036r3gx9-c245322dda2a4e07be6c1f93c8a5f4ff,UPDATE,NAME,TRUE,en,OFFICIAL,OPSM,OFFICIAL,en,Eyeconic Eyes Mosman
036r3gqf-81c954a07c7441058e071071bbbd34fc,UPDATE,NAME,TRUE,en,OFFICIAL,Family Medical Practice,OFFICIAL,en,Family Medical Practice - Dr Vivienne T Rodrigues
036r3grg-f2e307d65367405e95255326896eef16,UPDATE,NAME,TRUE,en,OFFICIAL,Myphysio Health Clinics,OFFICIAL,en,Myphysio Baulkham Hi
036r3grp-aa637dbe10cf04f6b5c31306aa1e00e3,UPDATE,NAME,TRUE,en,OFFICIAL,Petersham Denture Clinic,OFFICIAL,en,Alex de Matos Dental Prosthetist
036r3gx3-adaf4e1c06349fa1961df248386afdb4,UPDATE,NAME,TRUE,en,OFFICIAL,Macleay Dental,OFFICIAL,en,Molarbaby
036r3gnp-acf1f96c7099c03e18526a471a51ebef,UPDATE,NAME,TRUE,en,OFFICIAL,Logic Health,OFFICIAL,en,Logic Health - Campbelltown
036r3gx9-3c34b71d692e9ff53deca66be11197ad,UPDATE,NAME,TRUE,en,OFFICIAL,Wycombe Dental,OFFICIAL,en,Gorman C J & Stolz M K
036r3gr7-fa35263298b802e3daa69cbb13cd2e80,UPDATE,NAME,TRUE,en,OFFICIAL,Perfect Dental,OFFICIAL,en,Perfect Dental Fairfield
036r3grh-295fd1fd0a88f5e7e79b10cf21348519,UPDATE,NAME,TRUE,en,OFFICIAL,Pharmacy 4 Less,OFFICIAL,en,Pharmacy 4 Less Chester Hill
036r3grr-8f6d7e6090a548bfb1af8e8113c9c8fc,UPDATE,NAME,TRUE,en,OFFICIAL,Rodd Point Medical Practice,OFFICIAL,en,Sawrikar P
036r3gx0-ef38591856ad8140068950834a7dce5a,UPDATE,NAME,TRUE,en,OFFICIAL,4Cyte Pathology,OFFICIAL,en,4cyte Pathology Zetland
036r3gqq-2dc4c97c7464d57bad5da855d2a2bab6,UPDATE,NAME,TRUE,en,OFFICIAL,Sylvania Par 3,OFFICIAL,en,Sylvania Par Three Golf and Soccer
036r650p-ccb46047fa4e4c19a30bd732095bd71a,UPDATE,NAME,TRUE,en,OFFICIAL,Boon Dental,OFFICIAL,en,Boon Dental Ropes Crossing
036r3gx2-88982d60fe505be7799f15c1bd8bbfc1,UPDATE,NAME,TRUE,en,OFFICIAL,OPSM,OFFICIAL,en,1304 Opsm
036r3grr-de66b757349cda70e721d0cb5e45c47a,UPDATE,NAME,TRUE,en,OFFICIAL,Rozelle Medical Centre,OFFICIAL,en,Dr. David Ritchie
036r3gpv-abeaa6e9552c4c6bb56944709e2a3e2b,UPDATE,NAME,TRUE,en,OFFICIAL,Dr Jodie Ellis Clark,OFFICIAL,en,Ellis-Clark
036r3grp-687c3f00273646b3bb4160bb9339a8a0,UPDATE,NAME,TRUE,en,OFFICIAL,Southern Cross Care,OFFICIAL,en,Southern Cross Care Patrick Minahan Village
036r3gpv-6a49f10ea7e34531a1727bf1d22a3035,UPDATE,NAME,TRUE,en,OFFICIAL,Mt. Annan Doctors,OFFICIAL,en,Lee CDR
036r3gq8-4df50ebb9458c381381013bd1edeb35a,UPDATE,NAME,TRUE,en,OFFICIAL,FelixExpress,OFFICIAL,en,Java Lava Cafe
036r3gx9-a76072a0d82f4b50bc5d374cdc670180,UPDATE,NAME,TRUE,en,OFFICIAL,Harvey Galleries,OFFICIAL,en,Harvey Galleries Seaforth
036r3gx0-08f653ecdd2a45dc8f21554d1de83c59,UPDATE,NAME,TRUE,en,OFFICIAL,Dr Esin Ozme,OFFICIAL,en,Dr E Ozme
036r3gxc-c7d2c4bc0075765a68eb02477966f04f,UPDATE,NAME,TRUE,en,OFFICIAL,Orthodontix,OFFICIAL,en,Orthodontix Forestville
036r3gxc-d3743f79f9814dc08634559df5272628,UPDATE,NAME,TRUE,en,OFFICIAL,Vetmed,OFFICIAL,en,Vetmed Forest
036r3gqg-2588a0eac7054dd3a4d3a9ab751ced85,UPDATE,NAME,TRUE,en,OFFICIAL,Brighton Lakes Golf Course,OFFICIAL,en,New Brighton Golf Club
036r3gre-99ba29b6df283beb02b9695b6ff47d37,UPDATE,NAME,TRUE,en,OFFICIAL,Vedha,OFFICIAL,en,Vaikhasi Trading
036r3grr-cdac97e8b37270d923c9e6e05ddb7fde,UPDATE,NAME,TRUE,en,OFFICIAL,Prudential Dental,OFFICIAL,en,Prudential Dental Clinic Five Dock
036r3gx2-4c21bdf468d441f79675905344034165,UPDATE,NAME,TRUE,en,OFFICIAL,Holdsworth House,OFFICIAL,en,H/Worth House Gen Prac
036r3gx2-4756962a3ccd88740f96d9e010dd60d9,UPDATE,NAME,TRUE,en,OFFICIAL,Balmain Walking Tour,OFFICIAL,en,Balmain's Industrial Heritage Walk
0361r4ve-0d71841bebf60125005a4e47b5db5cf7,UPDATE,NAME,TRUE,en,OFFICIAL,Pacific Smiles Dental,OFFICIAL,en,Pacific Smiles Dental Narellan
036c915a-09d514b8641d69780fa8849b21e63080,UPDATE,NAME,TRUE,en,OFFICIAL,Wrights Road Orthodontics,OFFICIAL,en,Daniel Ao Yang Lo Cao
036r3grs-50de7c0b6811954285f68df8ed193d6f,UPDATE,NAME,TRUE,en,OFFICIAL,Art of Aesthetics,OFFICIAL,en,Art of Aesthetics Cosmetic Clinic
036r3gx0-4d9fc3bfebf848c991fd508f0032301e,UPDATE,NAME,TRUE,en,OFFICIAL,Southern Cross Veterinary Clinic,OFFICIAL,en,Southern Cross Vet Surry Hills
036r3gx1-fcc51d5177e521be0e8f681ae5ac0500,UPDATE,NAME,TRUE,en,OFFICIAL,Rudy Komon MBE,OFFICIAL,en,Rudy Komon Mbe Plaque
036r3gx1-c1973fbf941d9da8451b2a64ddd534c8,UPDATE,NAME,TRUE,en,OFFICIAL,Prince of Wales Hospital,OFFICIAL,en,Prince of Wales Hospital Acute Services Building ASB
036r3gx2-da3ebbc9256cde7aac119b200c3f304b,UPDATE,NAME,TRUE,en,OFFICIAL,Prologue,OFFICIAL,en,Dr Justin Tucker
036r3gr9-22432287ce19aba6d7b223f8985196ef,UPDATE,NAME,TRUE,en,OFFICIAL,Sydney Dragway ,OFFICIAL,en,Western Sydney International Dragway
036r6586-8f71a80be1a045ac88071a2178081323,UPDATE,NAME,TRUE,en,OFFICIAL,Warriewood Square-Ent 3,OFFICIAL,en,Centro Warriewood-Ent 3
0368lxx5-cfdcddabc0e601a38df74a67ab430fdd,UPDATE,NAME,TRUE,en,OFFICIAL,bloom Hearing Specialists,OFFICIAL,en,Bloom Hearing Specialists Mona Vale
036596dc-47ca0df279d1187d3f9ca75f51f6b3ed,UPDATE,NAME,TRUE,en,OFFICIAL,Mylonas & O’Callaghan Veterinary Hospital,OFFICIAL,en,Mylonas O'Callaghan Associates Veterinary Hospital
036r3gnp-689815176d1d5849129a3483b8ead48e,UPDATE,NAME,TRUE,en,OFFICIAL,Optometrist Warehouse,OFFICIAL,en,Optometrist Warehouse Campbelltown
036r3grm-983e9be92f88fcecfaa9ed1556d8a426,UPDATE,NAME,TRUE,en,OFFICIAL,Secure Parking,OFFICIAL,en,Sydney Olympic Park P6
036r3gx3-4c866bd26d7c49c3be9bea302d60f057,UPDATE,NAME,TRUE,en,OFFICIAL,Double Bay Dentists,OFFICIAL,en,Double Bay Dental Surgery
036r3gqs-c32cb9f7f3caedd61a050b993b2cd2b2,UPDATE,NAME,TRUE,en,OFFICIAL,I-MED Radiology,OFFICIAL,en,I-Med Radiology Network
036r6526-6ce76cf743cb2fbf6df26eb935fab7dc,UPDATE,NAME,TRUE,en,OFFICIAL,Yes Dental,OFFICIAL,en,Yes Dental Family Dental Clinic Rouse Hill
036r3grn-24114eb49b7a41d16e861354f40c3ce6,UPDATE,NAME,TRUE,en,OFFICIAL,Doctor Auto,OFFICIAL,en,Doctor Auto Mechanical Air-Condition Repairs
036r3grg-ff533904827bc3932e047465b586bbe7,UPDATE,NAME,TRUE,en,OFFICIAL,Animal Referral Hospital,OFFICIAL,en,Arh Baulkham Hills
036r3gre-77076b635a1f4de48785983adf63f889,UPDATE,NAME,TRUE,en,OFFICIAL,Wow Wow Supermsrket,OFFICIAL,en,Wow Wow Discount and Wow Wow Gold and Jewellery
036r3gwc-44edcfa7ce9fc61986062055bc8806e8,UPDATE,NAME,TRUE,en,OFFICIAL,SydPath,OFFICIAL,en,Sydpath - Pathology Collection Centre
036r3gx0-ad7b7f1ad3574676b03deac6ef9602be,UPDATE,NAME,TRUE,en,OFFICIAL,AQUA LASER CLINIC,OFFICIAL,en,Aqua Laser Clinic Newtown
036r3gqz-63ad16b652944d18a434d6ad34d43463,UPDATE,NAME,TRUE,en,OFFICIAL,Jeffrey G Stack,OFFICIAL,en,Dr Jeffrey G Stack Dental Surgeon
036r3gx3-866312cde5174806a01883232ec24a8b,UPDATE,NAME,TRUE,en,OFFICIAL,Holey Moley Golf Club,OFFICIAL,en,Holey Moley Darlinghurst
036r3gr4-83592408dac0c2e81e3284af86443d17,UPDATE,NAME,TRUE,en,OFFICIAL,Myhealth,OFFICIAL,en,Myhealth Liverpool Level 2
036jx7ps-e18085ba643e0b04b7754e7438c9e214,UPDATE,NAME,TRUE,en,OFFICIAL,Bodypractic Chiropractic clinic,OFFICIAL,en,David Chapman's Chiropractic
036r3gqy-3f09307aca3641dda15c7095ba601478,UPDATE,NAME,TRUE,en,OFFICIAL,Dental Surgery,OFFICIAL,en,Tsepetzis George
036r3gqc-c1923eb7006f4683ad91ee2bcd6ec904,UPDATE,NAME,TRUE,en,OFFICIAL,Kinetix Health and Performance,OFFICIAL,en,Kinetix Health Performance - Exercise Physiology Physiotherapy
0368lxx5-09aecf62b7f60075bb525dccb1feb631,UPDATE,NAME,TRUE,en,OFFICIAL,Dental Solutions Oatley,OFFICIAL,en,Dental Solutions at Oa
036r3grs-3afd24504a8a4d638592576595942a40,UPDATE,NAME,TRUE,en,OFFICIAL,Back to Basics Chiropractic,OFFICIAL,en,Dr Chris Agius
036r3gqf-db175922c8d5489fae973ffb555c487f,UPDATE,NAME,TRUE,en,OFFICIAL,My FootDr,OFFICIAL,en,Foot Focus
036jx7ps-64c1bb2021fb0c589d3d3595b74bca6c,UPDATE,NAME,TRUE,en,OFFICIAL,Advanced Care Chiropractic,OFFICIAL,en,Advanced Sports Chiropractic
036jx7ps-8bd6f067ad0107bd707cc167e617e2b7,UPDATE,NAME,TRUE,en,OFFICIAL,Laser Clinics,OFFICIAL,en,Laser Clinics Australia - Darlinghurst
0368b506-d87948e4a7d9e770324d9a21498ee210,UPDATE,NAME,TRUE,en,OFFICIAL,Lifestyle Optical,OFFICIAL,en,Lifestyle Optical Westfield Sydney
036r3gx0-ccc8dbb495da45d281d9f994f9d65d21,UPDATE,NAME,TRUE,en,OFFICIAL,Cathay Herbal Laboratories,OFFICIAL,en,Cathay Herbal Laboratories Pty
036r6582-4406042437d54bcabcdcb36a96dbdc69,UPDATE,NAME,TRUE,en,OFFICIAL,Checkers,OFFICIAL,en,Checkers Resort
036r3gx1-acbe6562302e1d16e07c7a654c6c4a68,UPDATE,NAME,TRUE,en,OFFICIAL,Clovelly Optical,OFFICIAL,en,Robyn Cottier Optometrist
036r3gqm-13947616a6284e889a4109eac5e0c5a2,UPDATE,NAME,TRUE,en,OFFICIAL,Thomas Dunlea Court,OFFICIAL,en,Southern Cross Care Thomas Dunlea Court
036r3gx2-30cc32f4cf5749349a0854818a6ad814,UPDATE,NAME,TRUE,en,OFFICIAL, I Am Siam Thai Massage,OFFICIAL,en,Siam Therapeutic Mas
0368lxx5-623064642690057cad8003da32c16f0d,UPDATE,NAME,TRUE,en,OFFICIAL,Northern Sydney Dermatology & Laser,OFFICIAL,en,Northern Sydney Dermatology
036r3gru-48759f608f6e48b5a5810416a1308336,UPDATE,NAME,TRUE,en,OFFICIAL,Willows,OFFICIAL,en,Willows Retirement Village
036r3gre-09aba61dbfae015ab47957e6007c7af3,UPDATE,NAME,TRUE,en,OFFICIAL,FACTORY DIRECT SPECTACLES,OFFICIAL,en,FDS Eyewear
036r3grf-48c14238d80a311c451c610678f5e28f,UPDATE,NAME,TRUE,en,OFFICIAL,Hardi Aged Care,OFFICIAL,en,Hardi Aged Care
036r3gre-328d1c3f24184c5c9d67ecdca32170e3,UPDATE,NAME,TRUE,en,OFFICIAL,The Children's Hospital,OFFICIAL,en,The Children's Hospital at Westmead
036r652j-a2e2c3a9df7f4fea9dc6b9b83e7ea39c,UPDATE,NAME,TRUE,en,OFFICIAL,Hope Health,OFFICIAL,en,Hope Medical Centre
036r658d-5587093f16d3ab7d550c6491b0c7ea2e,UPDATE,NAME,TRUE,en,OFFICIAL,Minkara ResortRetirement Living,OFFICIAL,en,Minkara Nursing Home
036r3gqx-81fea01d3c6c4992b90e2553567726cc,UPDATE,NAME,TRUE,en,OFFICIAL,Jaitong Thai Massage,OFFICIAL,en,Jaitong Thai Massage Kogarah
036r3gx3-dbe1cc5ca54aa45f864551b58660ec3d,UPDATE,NAME,TRUE,en,OFFICIAL,Dental Lounge,OFFICIAL,en,Dental Lounge Double Bay
036r3gpv-dbaa16bd3f543ef42b590f967b0da068,UPDATE,NAME,TRUE,en,OFFICIAL,Penrith Family Medical Practice,OFFICIAL,en,Penrith Family Medical Practice- Dr Enas Youssef
036r3grs-892da58c3b77486d84ac6b5630f9cc4b,UPDATE,NAME,TRUE,en,OFFICIAL,Oscar Wylee,OFFICIAL,en,Oscar Wylee Parramatta - Optometrist
036r3gxf-f45e3d18142c0f1e3b5c33da8d5764d6,UPDATE,NAME,TRUE,en,OFFICIAL,Quakers Brewing,OFFICIAL,en,Quakers Hat Brewing
036r652j-7b668c2d9934426e985c0e8d3c38cf86,UPDATE,NAME,TRUE,en,OFFICIAL,Aeralife Pennant Hills,OFFICIAL,en,Heritage Pennant Hills Aged Care Facility
036r3gr4-9099a6fcfd9d4390916ef0e5cc58fe6d,UPDATE,NAME,TRUE,en,OFFICIAL,Chiropractor in Liverpool,OFFICIAL,en,Gard Chiropractic Clinic
036r3gx9-8d829048aa739c3633c14605ff7f7c91,UPDATE,NAME,TRUE,en,OFFICIAL,Bio Balance Health,OFFICIAL,en,Bio Balance Health - Dr. Maria Mackey
0368lxx5-009cb76740d80bf7b53350115c746d1e,UPDATE,NAME,TRUE,en,OFFICIAL,No Gaps Dental,OFFICIAL,en,No Gaps Dental Brookvale
036r3gx8-4b1365cdf289847ad7989fd9e10ef6fa,UPDATE,NAME,TRUE,en,OFFICIAL,Artarmon Day Hospital,OFFICIAL,en,Artarmon Day Surgery
036abd0e-941621e0ff523c1e9bdab12174a5c2e4,UPDATE,NAME,TRUE,en,OFFICIAL,Sydney Aesthetic Smiles,OFFICIAL,en,Sas Dental
036r3gqq-091bd22ccf63e260ec761c23a6351620,UPDATE,NAME,TRUE,en,OFFICIAL,Southside Animal Hospital,OFFICIAL,en,Southside Animal Hospital Gymea
036r3gx0-ee43fb8e64a84df383c7c398e3c9690f,UPDATE,NAME,TRUE,en,OFFICIAL,CENTRAL DENTAL CENTRE,OFFICIAL,en,Dr M. Assoud
036r652k-be8ddf8d0ad7b19f6bca095ccacc5605,UPDATE,NAME,TRUE,en,OFFICIAL,Indigo Soul,OFFICIAL,en,Soul Centre - Hills Healing Hub
036r3gqx-37e1fa2bb608c67017f2f40cbe133634,UPDATE,NAME,TRUE,en,OFFICIAL,Ultra Dental,OFFICIAL,en,Ultra Dental Sans Souci
036r3gx1-99a70182199846488bf1a4974ca04b51,UPDATE,NAME,TRUE,en,OFFICIAL,Advanz Health,OFFICIAL,en,Waverley Physiotherapy Centre
036r6526-317b37706558b82f785d0ce88256bf75,UPDATE,NAME,TRUE,en,OFFICIAL,Croc’s Playcentre,OFFICIAL,en,Crocs Playcentre Rouse Hill
036r3grp-c66d93ac7cfeb802e69b89bc614a1a07,UPDATE,NAME,TRUE,en,OFFICIAL,Elghitany Dental,OFFICIAL,en,El Ghitany Dental Service
036r3grn-72f641a60775406a0579f56c6853a3c6,UPDATE,NAME,TRUE,en,OFFICIAL,4Cyte Pathology,OFFICIAL,en,4cyte Pathology Campsie
036r3grj-d6ea38a6a783f4300ac1aaacc008fe50,UPDATE,NAME,TRUE,en,OFFICIAL,Nimble Health,OFFICIAL,en,Nimble Health Physiotherapy
036r3grj-6accb6622511bc914a6c2a327c14eb05,UPDATE,NAME,TRUE,en,OFFICIAL,Aussia Health,OFFICIAL,en,Aussia Pharma
0361r4ve-f19530d4189c06da32a75cebfb6cde83,UPDATE,NAME,TRUE,en,OFFICIAL,Optim Dental,OFFICIAL,en,Optimum Dental
036r6521-66eefe23ae0d4bc79bd1e1aa06dc0b95,UPDATE,NAME,TRUE,en,OFFICIAL,Holy Family Services,OFFICIAL,en,Holy Family Services Retirement Village
0361r4ve-683c8a0f15bc0adf964fafb796740f67,UPDATE,NAME,TRUE,en,OFFICIAL,Greystanes Family Medical Practice,OFFICIAL,en,Dr C Harinesan
036r3gx2-5f3ce9b38b32ab223c42111ab8b0643d,UPDATE,NAME,TRUE,en,OFFICIAL,Billich Gallery,OFFICIAL,en,Billich Gallery at the Rocks
036r650p-1031fb9353194e8e86a939305e2fa9e8,UPDATE,NAME,TRUE,en,OFFICIAL,Emerton Village,OFFICIAL,en,Emerton Midweek Markets
036r652q-e2281338f1fb553890d96d8cfbea4d75,UPDATE,NAME,TRUE,en,OFFICIAL,Mastery Dental,OFFICIAL,en,Mastery Dental Clinic
036r3gqm-345365b2393947bb811f8c5cdbdba6ba,UPDATE,NAME,TRUE,en,OFFICIAL,GROWING SEEDS PSYCHOLOGY,OFFICIAL,en,Julieanne Lowe - Growing Seeds Psychology
0368lxx5-89de0a70f8f60b8652c91070a8525c4c,UPDATE,NAME,TRUE,en,OFFICIAL,Associated Relationship & Marriage Counsellors ,OFFICIAL,en,Associated Counsellors Psychologists Lane Cove
036r3grj-9d32f465cdb94c869fd7711b612cf8b6,UPDATE,NAME,TRUE,en,OFFICIAL,Lakemba Masonic Village,OFFICIAL,en,Lakemba Masonic Caring Centre
036r3gx1-524db8db11374bc8819b6a932742f471,UPDATE,NAME,TRUE,en,OFFICIAL,Mantra Coogee,OFFICIAL,en,Mantra Coogee Thai Massage
036r3grv-bf6b4ceade0c428f8ab8fd67cb5c76e1,UPDATE,NAME,TRUE,en,OFFICIAL,Eastwood Village Medical Practice,OFFICIAL,en,Dr Jennifer Chan & Dr Caroline Chan
036r3grh-65d0dbebe9341195adfc7af10f372b00,UPDATE,NAME,TRUE,en,OFFICIAL,Bankstown Customer Service Centre,OFFICIAL,en,Bankstown Customer Service Centre Canterbury Bankstown Council
036r3gqr-1e52e04e74a04710a9161786d1481850,UPDATE,NAME,TRUE,en,OFFICIAL,Woolooware Dental,OFFICIAL,en,Dr. Stephen Blatchford
036jx7ps-a40e9bd9073802fe97b44e9671a9913c,UPDATE,NAME,TRUE,en,OFFICIAL,Imperial Thai Massage,OFFICIAL,en,Imperial Thai Massage Rose Bay
036r3gx1-7807881c5e0b4813be07b1f9fca2dbf4,UPDATE,NAME,TRUE,en,OFFICIAL,Project Gallery,OFFICIAL,en,Project Gallery 90
036r3gqy-60639befa13444f1a1dbcc3e7c67b2af,UPDATE,NAME,TRUE,en,OFFICIAL,Scalabrini’s,OFFICIAL,en,Bexley Village
036r3gre-7ac67ae3f8c9e932d0995fef42e44e72,UPDATE,NAME,TRUE,en,OFFICIAL,Physio Solutions,OFFICIAL,en,Physio Solutions Merrylands
036jx7ps-cfcf83da04cb099d7ebfb3c894cc23c0,UPDATE,NAME,TRUE,en,OFFICIAL,George & Matilda Eyecare,OFFICIAL,en,Individual Eye Care
036r3gru-ae60ed936b7a4582a46bc33af3bea130,UPDATE,NAME,TRUE,en,OFFICIAL,Dentist NorthRocks,OFFICIAL,en,Dentistnorthrocks
036r3gqy-86ca299d500841c090f7db9b56b29647,UPDATE,NAME,TRUE,en,OFFICIAL,Marvel Orthodontics,OFFICIAL,en,One Smile Orthodontics
036r3gpz-b735272509fd4646a771baef769f8c03,UPDATE,NAME,TRUE,en,OFFICIAL,Primary Dental,OFFICIAL,en,Primary Dental Mt Druitt
036r3grj-d839ffc721e94fe094a1721bc26eb055,UPDATE,NAME,TRUE,en,OFFICIAL,Wiley Park Hotel,OFFICIAL,en,The Wiley Park Hotel
036r3gqu-4546c97071f142c1bfa5fda7f4de1c61,UPDATE,NAME,TRUE,en,OFFICIAL,Padstow Physiotherapy & Sports Injury Centre,OFFICIAL,en,Padstow Physiotherapy
036jx7ps-7a72730b63470db704c25f9175cb380b,UPDATE,NAME,TRUE,en,OFFICIAL,Styleyes,OFFICIAL,en,Styleyes Sunglasses
036r3grs-d9d37e83edab5a71bb33bdb5c15fcf5f,UPDATE,NAME,TRUE,en,OFFICIAL,nib Dental Care,OFFICIAL,en,Nib Dental Care Centre North Parramatta
036r3gx8-b5baa701486c8c046a9f18f9b8f78eee,UPDATE,NAME,TRUE,en,OFFICIAL,nib Dental Care,OFFICIAL,en,Nib Dental Care Centre Chatswood
0366662d-68f181f718b7b83a0f74d1601ce9edbd,UPDATE,NAME,TRUE,en,OFFICIAL,Sydney Masonic Centre,OFFICIAL,en,SMC Conference & Function Centre
036r3gx2-c1f61d3077544a9fab13b8852bba3cdf,UPDATE,NAME,TRUE,en,OFFICIAL,Australian Hotel,OFFICIAL,en,Australian Beer Festival
036r3gx0-412268319e664cd3b0e2f2b4a39db771,UPDATE,NAME,TRUE,en,OFFICIAL,TAFE NSW Eora,OFFICIAL,en,Eora College
036r3gx1-8be15317f85b469497423f6c21e46d17,UPDATE,NAME,TRUE,en,OFFICIAL,Uniting Illowra Waverley,OFFICIAL,en,Illowra Hostel
036r3gqc-3172168da1b0ed1d784cb5c4f686db2d,UPDATE,NAME,TRUE,en,OFFICIAL,Speedway,OFFICIAL,en,Speedway Petroleum
036r3gqz-9439a4e66ad741e0923ba90c065c2cb0,UPDATE,NAME,TRUE,en,OFFICIAL,Uniting Bruce Sharpe Rockdale,OFFICIAL,en,Bruce Sharpe Hostel
0361r4ve-8f69cc6169f801fd2ca3bca0ce31f58b,UPDATE,NAME,TRUE,en,OFFICIAL,Ibis Care Blakehurst,OFFICIAL,en,ibis Care Holdings
036r3grm-eb01e73309e0429087f4892a380fd2aa,UPDATE,NAME,TRUE,en,OFFICIAL,Mary Wade Correctional Centre,OFFICIAL,en,NSW Government Justice Juvenile Justice
036r3grp-890c6a63edc84530a29db30cd6427beb,UPDATE,NAME,TRUE,en,OFFICIAL,Uniting Abrina Ashfield,OFFICIAL,en,Abrina Nursing Home
036r3gx3-e7ed70cbf0cc60f66dd844bb15177468,UPDATE,NAME,TRUE,en,OFFICIAL,Apartment One,OFFICIAL,en,Apartment One Darlinghurst
036cb378-0b0ec6ed25880bd678b8880f521ac8ed,UPDATE,NAME,TRUE,en,OFFICIAL,National Art School ,OFFICIAL,en,Nas Galleries
036r3gx3-f5fd1a502f0a5a96b0854905fa2ea18a,UPDATE,NAME,TRUE,en,OFFICIAL,Harry's,OFFICIAL,en,Harry's Cafe de Wheels
036r3grp-f45a7b6a089f386197183b790a3ac2ec,UPDATE,NAME,TRUE,en,OFFICIAL,Uniting Locke Haven Petersham,OFFICIAL,en,Haven Homes
036c77d3-07a358aa824223b519e3594b7962ae7b,UPDATE,NAME,TRUE,en,OFFICIAL,Q Station Sydney Harbour National Park,OFFICIAL,en,Q Station
036r3gre-ff610e39a5044e6c809880e99b015ec3,UPDATE,NAME,TRUE,en,OFFICIAL,The Boer War Memorial,OFFICIAL,en,Governer Phillip's Rebout
036r3gx2-1c46612f5d653d14b518122a86439b60,UPDATE,NAME,TRUE,en,OFFICIAL,All Art & Mirrors,OFFICIAL,en,All Art & Mirrors Installation Services
036r3gx1-25d966e204174b0990d1ae1e0d4a89fc,UPDATE,NAME,TRUE,en,OFFICIAL,Maunsell Wickes,OFFICIAL,en,Barry Stern Gallery
036r3grp-ff60c567e8aeae3d1076e01979a7cd9a,UPDATE,NAME,TRUE,en,OFFICIAL,Sydney Street Gallery,OFFICIAL,en,Sydney Street Studios Gallery
036d9f19-038199fc064b116caf067566b0eeba7c,UPDATE,NAME,TRUE,en,OFFICIAL,Uniting,OFFICIAL,en,Uniting West Pymble
036r3gx2-5d6208a42bea77fc37235f4259999b5f,UPDATE,NAME,TRUE,en,OFFICIAL,Wilson Parkin,OFFICIAL,en,187 Thomas St Garage
036jx7ps-63093fb5175b0bc18bec809b7243fb1c,UPDATE,NAME,TRUE,en,OFFICIAL,Eleni petinos mp,OFFICIAL,en,Barry Collier MP
036bma4v-8be076295f81027f313ddaac4c158463,UPDATE,NAME,TRUE,en,OFFICIAL,Lidcombe Public Car Park,OFFICIAL,en,Lidcombe Car Park
036r3gnp-44e030129673b7b258b621bdd292c6bd,UPDATE,NAME,TRUE,en,OFFICIAL,MacArthur Square,OFFICIAL,en,MacArthur Square - Convenience Corner
036c699d-191f2164fa1b2be79b7e47f1821db360,UPDATE,NAME,TRUE,en,OFFICIAL,Scieppan Gallery,OFFICIAL,en,Scieppan Auctions Gallery
03664bd4-ddc09ba2fa15c45207702325eda22c77,UPDATE,NAME,TRUE,en,OFFICIAL,Articulate,OFFICIAL,en,Articulateupstairs
036r652j-018d30b993404154807b45ec08ac5d42,UPDATE,NAME,TRUE,en,OFFICIAL,Cherrybrook Christian Care Centre,OFFICIAL,en,Cherrybrook Aged Care
036c2a80-566e33eabdea67b165d97251a13258f9,UPDATE,NAME,TRUE,en,OFFICIAL,Target Automotive,OFFICIAL,en,Target
036r3gx3-d7f977ffc773274ab31ea4b817e24dbf,UPDATE,NAME,TRUE,en,OFFICIAL,First World War Soldiers Memorial,OFFICIAL,en,"First World War Soldiers Memorial Wives and Mothers Memorial,First World War Soldiers Memorial"
036r3gx3-ebbb4182e5ef22f04108c3df004fed76,UPDATE,NAME,TRUE,en,OFFICIAL,The Sydney Boulevard Hotel,OFFICIAL,en,Sydney Boulevard
0361r4ve-ac7c2a8c53e605fb38f7e7451a65df8f,UPDATE,NAME,TRUE,en,OFFICIAL,Bexley Aged Care Home,OFFICIAL,en,Bexley Care Centre
036r658e-f18bdfc6a90d41d56ae5857df88165f9,UPDATE,NAME,TRUE,en,OFFICIAL,4 Pines,OFFICIAL,en,4 Pines Newport
036r652p-63d9a341e9ff40e7a0ad5eef9efe7147,UPDATE,NAME,TRUE,en,OFFICIAL,Group Homes,OFFICIAL,en,Group Homes Accommodation
036e5e04-69882ac0ac82ffbfddddae2acf89e65b,UPDATE,NAME,TRUE,en,OFFICIAL,Kirk Apartments,OFFICIAL,en,Kirk Apartments Retirement Living
036r3grk-66cec476ac4d494089f6778adda11a7a,UPDATE,NAME,TRUE,en,OFFICIAL,Irt,OFFICIAL,en,Irt Group
036r3gx6-540351455b44df7ea2a50ec6e2399254,UPDATE,NAME,TRUE,en,OFFICIAL,Group Homes,OFFICIAL,en,Group Homes Accommodation
036r3gqu-bd0fe0a8897666a445c3c70dba534503,UPDATE,NAME,TRUE,en,OFFICIAL,Infinite Care,OFFICIAL,en,Christadelphian Aged Care
036r3gx3-0bcc25d693654d27b7e4077013945b6f,UPDATE,NAME,TRUE,en,OFFICIAL,The Kirketon Hotel,OFFICIAL,en,Kirketon Hotel Sydney
036r658e-8e0fa83380bf48d8a68636709a3787e2,UPDATE,NAME,TRUE,en,OFFICIAL,Mirage Hotel Newport,OFFICIAL,en,Metro Hotels
036r3gxf-d2bf5e69924b97cb340f615674c2fd42,UPDATE,NAME,TRUE,en,OFFICIAL,Park & Ride,OFFICIAL,en,Manly Vale Park & Ride
036r3gxf-7f61b6228d7fb5e69d39c6c79f9ffe66,UPDATE,NAME,TRUE,en,OFFICIAL,Stirgess Avenue Playground,OFFICIAL,en,Playground
036r3gx2-43d0bda8e3be34f9eb4de9fd8b0d1711,UPDATE,NAME,TRUE,en,OFFICIAL,Lieutenant Colonel George Barney,OFFICIAL,en,Monument for Lt Col George Barney
036r3gpv-b58734c1a603f95d2fa5dd6b65b09fe4,UPDATE,NAME,TRUE,en,OFFICIAL,Penrith Station Kiss and Ride,OFFICIAL,en,Secure Bike Locker
036r3gx2-63fde99cae1140e4675b771a80ba103c,UPDATE,NAME,TRUE,en,OFFICIAL,Sydney Opera House,OFFICIAL,en,The Opera House To the Botanic Gardens Walk
036r3gqv-3a54594a66d041e5720e4d0d4599fa41,UPDATE,NAME,TRUE,en,OFFICIAL,No Competition,OFFICIAL,en,Oz Flooring Sydney
0360a377-dca115b90b678a9cc9a26450a456acf1,UPDATE,NAME,TRUE,en,OFFICIAL,Alister Henskens S C MP,OFFICIAL,en,Alister Henskens MP
036r3gx3-5b13be00dec548f79c7426e2a31cb7b3,UPDATE,NAME,TRUE,en,OFFICIAL,King Street Gallery on William,OFFICIAL,en,King Street Gallery
036r658e-041bef17992c45a69e9d54f1a41e90f9,UPDATE,NAME,TRUE,en,OFFICIAL,Newport Beach parking Area,OFFICIAL,en,Newport Beach
036r3gqf-2f68c5125065b294bc66eaff9b720999,UPDATE,NAME,TRUE,en,OFFICIAL,Ampol,OFFICIAL,en,CALTEX
036r3grd-b2b7ab64d6bf8c582a6818e51017388a,UPDATE,NAME,TRUE,en,OFFICIAL,BRAVO Fuel,OFFICIAL,en,Enhance
036r3grw-3730973125c0eff604147d1df5102a38,UPDATE,NAME,TRUE,en,OFFICIAL,Meadowbank Commuter Car Park,OFFICIAL,en,Secure Bike Locker
036bma4v-0d20744bea57011f79dffc528bacb86c,UPDATE,NAME,TRUE,en,OFFICIAL,Blacktown Station Parking,OFFICIAL,en,Parking Area No.45
036r3gqg-eeb15dd9bf21c872ec62eb02899dfd07,UPDATE,NAME,TRUE,en,OFFICIAL,Smith Park,OFFICIAL,en,Playground
036r3gqw-7ebc015afe22ae06fdab3f193a6d8c17,UPDATE,NAME,TRUE,en,OFFICIAL,Speedway,OFFICIAL,en,bp
036r3gr0-bab06db39ea7705abcb665da62e101ad,UPDATE,NAME,TRUE,en,OFFICIAL,Parking Lot,OFFICIAL,en,Commuter Car Park
036r3gx0-7751cf5603a29f06ae89a0f03ad152e4,UPDATE,NAME,TRUE,en,OFFICIAL,Parking Lot,OFFICIAL,en,Parkable
036r3gqm-9c766493c0e343f2ad5357a89734d724,UPDATE,NAME,TRUE,en,OFFICIAL,Fauna Place Reserve,OFFICIAL,en,Commuter Car Park
036r3grr-a1f23407419b42689c994395d29b48ab,UPDATE,NAME,TRUE,en,OFFICIAL,Commuter Car Park,OFFICIAL,en,Commuter Car Park
036r3grc-91084714dd114ad8c01116caf676d1b9,UPDATE,NAME,TRUE,en,OFFICIAL,Commuter Car Park,OFFICIAL,en,Secure Bike Locker
036r6521-9c9bdf9da3d94a22a94cf42f57af8c62,UPDATE,NAME,TRUE,en,OFFICIAL,Free Parking Lot,OFFICIAL,en,Secure Bike Locker
036r652h-c9e8a4f10d1c418cb8ed7e642fed6f46,UPDATE,NAME,TRUE,en,OFFICIAL,Yellow Car Park,OFFICIAL,en,Yellow Parking
036r3grn-1d523c2ff76043c7bdfda4daebe031ff,UPDATE,NAME,TRUE,en,OFFICIAL,Brown Street Car Park,OFFICIAL,en,Wilson Parking
036r3grp-59aa798f42a4ac58fd7ba4cb2ce9e243,UPDATE,NAME,TRUE,en,OFFICIAL,Marrickville Metro,OFFICIAL,en,Parking Garage/House
036r3gwc-dde9a983398d448ea95abb6152890d7f,UPDATE,NAME,TRUE,en,OFFICIAL,Parking Area,OFFICIAL,en,Parking Lot
036jx7ps-90e9ba5113a8043b771f5cad32595bf9,UPDATE,NAME,TRUE,en,OFFICIAL,Middle Head Area,OFFICIAL,en,Parking Lot
036r3grs-ffaf7f52669b498790d66091c3b443cf,UPDATE,NAME,TRUE,en,OFFICIAL,P1 & Members Reserve Carpark,OFFICIAL,en,P1 Carpark
036r3grn-edee78e815ef0ae705b63c11ce40d264,UPDATE,NAME,TRUE,en,OFFICIAL,My Gym,OFFICIAL,en,My Gym Children's Fitness Centre
036r3gxd-39409b8f4580636fe30fd298a2fb1d74,UPDATE,NAME,TRUE,en,OFFICIAL,Ralph Kerle,OFFICIAL,en,Ralph Kerle Gallery
036r3gx0-594490aa16764ffa96ccc1c91b478111,UPDATE,NAME,TRUE,en,OFFICIAL,James Squire,OFFICIAL,en,James Squire Brewery
036r3gpz-65a187c5d0dddb2a9be88378960bd8a5,UPDATE,NAME,TRUE,en,OFFICIAL,Truck Stopping Bay,OFFICIAL,en,Truck & Car Stopping Bay
036r3gr7-ea2204c8f4784d7f934c16b90f2350f1,UPDATE,NAME,TRUE,en,OFFICIAL,Fairfield Aged Care Home,OFFICIAL,en,Fairfield Nursing Home
036e6c18-17e384e4bab17cb954314b070a207688,UPDATE,NAME,TRUE,en,OFFICIAL,Weeroona Aged Care Centre,OFFICIAL,en,The Salvation Army Senior Citizens Services
036jx7ps-fae9a4d932b30c3ee125a0b3753f31ef,UPDATE,NAME,TRUE,en,OFFICIAL,Cardinal Gilroy Village,OFFICIAL,en,SC Cardinal Gilroy Village
036r3grr-e60137326e40c2bb7e8824d15953ccc3,UPDATE,NAME,TRUE,en,OFFICIAL,Scalabrini Village,OFFICIAL,en,Scalabrini Village Drummoyne
0363b2e6-add2edae305f4687a03995ed41e950ac,UPDATE,NAME,TRUE,en,OFFICIAL,Estia Health Camden,OFFICIAL,en,Camden Village
0361r4ve-dab6f903dee9070f7a335730f876ddb6,UPDATE,NAME,TRUE,en,OFFICIAL,Willandra Village and Bungalows,OFFICIAL,en,Australian Unity
0363b8ec-539252058d0e3f0d21d486d97527d55b,UPDATE,NAME,TRUE,en,OFFICIAL,Muslim Care,OFFICIAL,en,Muslimcare Australia
036r3grf-508240cfd6104867914a973fb7c7cd0b,UPDATE,NAME,TRUE,en,OFFICIAL,Service NSW,OFFICIAL,en,Service NSW
036r3gx8-59182b57d13aa0078c0d921ded868209,UPDATE,NAME,TRUE,en,OFFICIAL,Migration Downunder,OFFICIAL,en,To Oz Migration Services
036r3grr-9db7b8021d284acdaa1044e3062e2a78,UPDATE,NAME,TRUE,en,OFFICIAL,Stephanie di Pasqua MP,OFFICIAL,en,Parliament of NSW
036r3gx0-91195fe5292c5cf5c5815597efc50870,UPDATE,NAME,TRUE,en,OFFICIAL,Sydney City Farm,OFFICIAL,en,Sydney Park Nursery Depot
