PLACEID,CHANGETYPE,ATTRIBUTENAME,PLACESTATUS
036r3gry-502063f1d0f5a515ffde5687749719b8,UPDATE,STATUS,INACTIVE
036r3gx0-aa65f5344c2542a0ab093098cc4ebb60,UPDATE,STATUS,INACTIVE
036r3grx-bc69027d316aed96596a1e00829db313,UPDATE,STATUS,INACTIVE
036r3gx2-e495521337c44b5194518f6a1f6b26f5,UPDATE,STATUS,inactive
036r652z-3be8a2a3b37b3dce698cdb64f57b6fba,UPDATE,STATUS,INACTIVE
0368lxx5-dbaa40000dbe04dc133c346641dea626,UPDATE,STATUS,INACTIVE
036r3gx0-2ba2582ab41e47b6609fb7254a82a711,UPDATE,STATUS,INACTIVE
036r6525-ebf8de0159c3c3083cf151159fae96b1,,STATUS,INACTIVE
036eb4d1-245c364a6c0667cf1253d917bb52d921,UPDATE,STATUS,INACTIVE
036r3gqz-8e414b9579237314d17f178bba3acfd5,UPDATE,STATUS,INACTIVE
036r3gqz-1baeb5632e1a450cfcf6bc0955d06a92,UPDATE,STATUS,INACTIVE
036r3gx2-ae6f3191fc9ded04d574c5909dce7c87,UPDATE,STATUS,INACTIVE
036r3grp-fdf88bce5d9634f2ee332547da91d12d,UPDATE,STATUS,INACTIVE
036r3gx0-5eca0c1929f23b82e6543825399eac52,UPDATE,STATUS,INACTIVE
,UPDATE,STATUS,INACTIVE
036r3gqg-0f1f4ca51a5dc485da190f1026ad9a7f,UPDATE,STATUS,INACTIVE
036r3gx0-e35b0cea09d1565587af0142113d254f,UPDATE,STATUS,INACTIVE
036r3gx0-5a6270d5bf527a5a8182cfbd36d42c58,UPDATE,STATUS,INACTIVE
036r3grf-dabeedf4261ea4957883e5ec645d12cb,UPDATE,STATUS,INACTIVE
036r3gqm-edf0f5e052fcc1d4dd03cd3963f9c2ca,UPDATE,STATUS,INACTIVE
036r3gxd-59f4661c85ae9e68ca91932d9ba42c69,UPDATE,STATUS,INACTIVE
036r3gx2-61133d9c573fc15cf50a041baacd7277,UPDATE,STATUS,INACTIVE
036r3gqk-d45e19a1dc69377701510ea9c48a8a5e                ,UPDATE,STATUS,INACTIVE
036r3gpx-9152563b1f5e9c409a273a9b90ff81ec,UPDATE,STATUS,INACTIVE
036r3gxc-8e6fb31f18864f07a025db4297b830ed,UPDATE,STATUS,INACTIVE
036r6521-b2ea42be728f6bc0803ec390be3f1165,UPDATE,STATUS,INACTIVE
036r6586-8e7b3b196d2bdf2913032d56b0dc0965,UPDATE,STATUS,INACTIVE
036r3gx2-4fbb570cf64864b2843628038454678b,UPDATE,STATUS,INACTIVE
036r3gx2-84f79f528651fb582d7faeef40f52121,UPDATE,STATUS,INACTIVE
036r3grr-79a0c3977e1265abf297f3505150913c,UPDATE,STATUS,INACTIVE
036aabd1-9f1b5f640124096d30fb5bb1390c8da5,UPDATE,STATUS,INACTIVE
036r3grh-452d6ffb6469991e56a97fe274e7d3b1,UPDATE,STATUS,INACTIVE
036r3gqh-264a9c4022046a40d3e48fb72cd8b19e,UPDATE,STATUS,INACTIVE
036r3grn-e06b391c9b27da37f1bfd8d74268918c,UPDATE,STATUS,INACTIVE
036r3gxf-b584049d8cabacf924712c636f14b7f1,UPDATE,status,INACTIVE
036r3gr3-a3f9b89034b3b0177e97209c07870aea,UPDATE,STATUS,INACTIVE
036r3gxd-0287ce7f9d4156ac6a4440389d984f39,UPDATE,STATUS,INACTIVE
036r3gxd-fb4069079ad42710a1baefeb35d4ad71,UPDATE,STATUS,INACTIVE
0361r4ve-f7ed2711ed7f03127e47ad7f1d4800d5,UPDATE,STATUS,INACTIVE
036r3gr1-7428acb278f88f1dcea596a030cabeda,UPDATE,STATUS,INACTIVE
036r6526-e3bbe75db7d577155ec52770fae53b0d,UPDATE,STATUS,INACTIVE
036r3gx3-53792f8eb2ed316a8fed82ea0671396d,UPDATE,STATUS,INACTIVE
036r3gx2-45842833ec0d9348e208dd10488b801f,UPDATE,STATUS,INACTIVE
036r3gxd-4d012c2da2d48efad517da3a107fa506,UPDATE,STATUS,INACTIVE
036r3grw-a6077830ed3ce51cd21cd328a4794fbe,UPDATE,STATUS,INACTIVE
036r3grx-63c72b96676390b7a81d28aec3e2e314,UPDATE,STATUS,INACTIVE
036r3gx1-473c059c84e645504da9e885142892b5,UPDATE,STATUS,INACTIVE
036r6586-26bb9d7b71c6bb763ad46bb79ad5d843,ADD,STATUS,INACTIVE
036r3gnr-6aacc11915e5273e060f07317c1ba681,UPDATE,STATUS,INACTIVE
036r3gr7-63ff404a9951f037449cf86800bcc574,UPDATE,STATUS,INACTIVE
036r3gx8-13bc5ce00fdcdea0425605c3c9df5581,UPDATE,STATUS,INACTIVE
036r3gx1-b61a8a1f98be9211747ec01616c09e48,UPDATE,STATUS,INACTIVE
036r3gx0-acd8b211fb74b05dc5a40d8137950fd2,UPDATE,STATUS,INACTIVE
036r3gx2-9ffdc7501dbf8abccc8854cb807ed227,UPDATE,STATUS,INACTIVE
036r6586-f2b643da948dee9592212617e06d32a8,UPDATE,STATUS,INACTIVE
036r3gx3-77352a65c8fcb8651d621ed9001a7b81,UPDATE,STATUS,INACTIVE
036r6580-f1fb8cddce1e62179e2491f1e1f8a33d,UPDATE,STATUS,INACTIVE
036r3grh-6348cbdf4d8744699e5bcb80f519c8c3,UPDATE,STATUS,INACTIVE
036r3grs-edf901501cb064283608b83f44fdcb7b,UPDATE,STATUS,INACTIVE
036r3gx8-d1be51e3ec254bd6ac3cf1499feff94d,UPDATE,STATUS,INACTIVE
036r3gx3-5512c301d6fb4e0396451eef6fa039af,UPDATE,STATUS,INACTIVE
036r3grp-96481383dba070e83f009a21a69cbf9e,UPDATE,STATUS,INACTIVE
036r3gx1-1626f40dd60d5c287e8d87182700f103,UPDATE,STATUS,INACTIVE
036r3grp-654738b1c5b168d733d75dcbf3d9737b,UPDATE,STATUS,INACTIVE
036r3gx1-61f0909ae5bdbe0dcaf042f46a78d821,UPDATE,STATUS,INACTIVE
036r3gx9-7eecc3606614d593a0b22aecfcbc1282,UPDATE,STATUS,INACTIVE
036r650p-52c7db445a6a1e816bf44e5e2085baa9,UPDATE,STATUS,INACTIVE
036r3gx8-8126df3461424c54a447e06572fb45f0,UPDATE,STATUS,INACTIVE
036r3gqv-2837216b13afa387a32efd8f66b0c52a,UPDATE,STATUS,INACTIVE
036r3gx2-9b841e9a57a3487a852ca0c27e0658e4,UPDATE,STATUS,INACTIVE
036r3grg-bc9383186c9b84d6bf41c926c3ab33d1,UPDATE,STATUS,INACTIVE
036r3gx8-ceafeb243053a36ab59a0f0c8a0a4f40,UPDATE,STATUS,INACTIVE
036r652n-403374bc3c283ca8fe71d9203fd2d6b3,UPDATE,STATUS,INACTIVE
036r3gxc-46f6e16bf9ca5f41d4da2e19f27f7dcc,UPDATE,STATUS,INACTIVE
036r3gqh-5156f3ed18baf34694d9383c960b9ad9,UPDATE,STATUS,INACTIVE
036r3gx3-36adaa84b832d2b837be65c2dda64503,UPDATE,STATUS,INACTIVE
036r3gx0-3d6edece48e19976d27eea5f40067cff,UPDATE,STATUS,INACTIVE
036r3gx3-34fb7289ab4145179492147812f93868,UPDATE,STATUS,INACTIVE
036r3gxd-435042509b9dc030ea7d3b738fa1b3f4,UPDATE,STATUS,INACTIVE
036r3grs-214db7667cddba56c43f8a3d754d23b2,UPDATE,STATUS,INACTIVE
036r3gxd-b077cc23b17cb8e48ca7f60831bb1a8e,UPDATE,STATUS,INACTIVE
036r3gxd-eb1fe0443175893c7f23cec2ee19c379,UPDATE,STATUS,INACTIVE
036r3gxd-aab0fe2baff0da323625f83f529066e9,UPDATE,STATUS,INACTIVE
036r3grx-1b312b08879c76d6ed41a12d1c05bb4f,UPDATE,STATUS,INACTIVE
036r3gx0-d7500b3f951202764cf0e30e0ca8e10a,UPDATE,STATUS,INACTIVE
036r3gx1-d298db7279459690c830ff110f805af5,UPDATE,STATUS,INACTIVE
036r3gx0-d425b3fabc824cb5f9f74c43b7a61c3d,UPDATE,STATUS,INACTIVE
036r6584-829d6616e2a2bfc12b231721259e6e0f,UPDATE,STATUS,INACTIVE
036r3grs-6d469824ebb3a1ca45c96ef716070287,UPDATE,STATUS,INACTIVE
036r3gxd-d07d2daa9861334453743a3405abb1ef,UPDATE,STATUS,INACTIVE
036r3gx2-cbe8e1544cd066c99fd471426a524583,UPDATE,STATUS,INACTIVE
0361r4ve-2eca877a68a0020eea88474576ecd87a,UPDATE,STATUS,INACTIVE
036r3gx2-9656930bf68e51caf8b5db013872cbe6,UPDATE,STATUS,INACTIVE
036r6580-1fb8bbb121ce174025b474403b53c843,UPDATE,STATUS,INACTIVE
036r3gre-b9c7fc5306a039924a59a777cb6aade6,UPDATE,STATUS,INACTIVE
036r3gqq-03dbff58024693e7a550efa92b4367de,UPDATE,STATUS,INACTIVE
036r3gq0-6821dffebd6e1d966f83a47e2a7f6a04,UPDATE,STATUS,INACTIVE
036r3gqz-8c5b243e00714029f73d3adefccbb982,UPDATE,STATUS,INACTIVE
036r3grs-b6a1a3a714db59181f9758efb64436b8,UPDATE,STATUS,INACTIVE
036r3gxd-7a836554c73bdd74611c99e58b53964f,UPDATE,STATUS,INACTIVE
036r3grt-b79bf604a41045d990389821c7ee8a1b,UPDATE,STATUS,INACTIVE
036r3gx2-fdaa89a7d3023152cf209eb25bb7aa54,UPDATE,STATUS,INACTIVE
036r3gxd-56a4f92eac1957139588406b63ab7989,UPDATE,STATUS,INACTIVE
036r3gx2-7954b63ca57c41f59ae7b907b3e7371d,UPDATE,STATUS,INACTIVE
036r3gx2-74bf5db79dc5c11243709df04d80b94a,UPDATE,STATUS,INACTIVE
036r3gxf-4b3c174b118a4593bf474b999c00a06e,UPDATE,STATUS,INACTIVE
036r3gx1-9801b27b9f533e779456fc630d0c102e,UPDATE,STATUS,INACTIVE
036r650h-6afac515abd34e06a902166c8644ed60,UPDATE,STATUS,INACTIVE
036r3gwb-298749ff64e14697991f343fff610eb4,UPDATE,STATUS,INACTIVE
036r652q-dee2a9d21aecc6586b32c15ef4d64951,UPDATE,STATUS,INACTIVE
036r3gqq-d6718e10cd1f07e494898dc12775e8ed,UPDATE,STATUS,INACTIVE
036r3gwc-618a78ccb874985d60d2c907a4ac3ea5,UPDATE,STATUS,INACTIVE
036r3gxf-7e55c47c34a20cf5e2efefcaad96e4c1,UPDATE,STATUS,INACTIVE
036r3grp-38b8a6c56666850dd996671ff8ce6d19,UPDATE,STATUS,INACTIVE
036r3gx2-a8a3959af9f68a88335a60f415ea614b,UPDATE,STATUS,INACTIVE
036r3gxd-311efbc3d6da476fbcda456fd11be0d2,UPDATE,STATUS,INACTIVE
036r3gnq-468d74afa237e24e55a2c21101a11faa,UPDATE,STATUS,INACTIVE
036r3gx1-e9db76f6a3324ffeac2590989f911f02,UPDATE,STATUS,INACTIVE
036r3grp-808384c4e97d61338458b857a106b967,UPDATE,STATUS,INACTIVE
0365c27f-c5a557170aed26094dbf290b422a692d,UPDATE,STATUS,INACTIVE
036r658e-5c68cd3156143d778b51e7febf04f5e8,UPDATE,STATUS,INACTIVE
036r3grh-450ea8d0a0c64ce2aed7aa9fab6baf40,UPDATE,STATUS,INACTIVE
036d9232-2b3684eb6b7b8e0d8f479ab15dd939fb,UPDATE,STATUS,INACTIVE
036jx7ps-be23b49b1de20bccfef4ea1fc3412446,UPDATE,STATUS,INACTIVE
036r3gx2-0f7bf3b9dde64c508306416f95ccd185,UPDATE,STATUS,INACTIVE
036r3gx1-ebf47a92c91e4bf4ba3572e25434d028,UPDATE,STATUS,INACTIVE
036r3grm-5904ce1e78de47c386f180aac4c1d6b6,UPDATE,STATUS,INACTIVE
03634f13-9aea869847c226a612c8c45cfa9fdfba,UPDATE,STATUS,INACTIVE
036r3gwc-b0f721c4706f437d80ba459414b1cdb6,UPDATE,STATUS,INACTIVE
036r3gqq-4e07fc3faddd4f139000f428588db4e2,UPDATE,STATUS,INACTIVE
036r3grx-a6cc6cb8e4c1406a9d2661d53e87fd8e,UPDATE,STATUS,INACTIVE
036r3gqh-30cad9637a484787b9c4716f50a5ce98,UPDATE,STATUS,INACTIVE
036r3grq-2413c5cb4f744dd8a1f9c4627931a5d3,UPDATE,STATUS,INACTIVE
036af917-015323e05ccbecdd1c1b5116fa9f92a4,UPDATE,STATUS,INACTIVE
036r3grq-20155e963fc44fa79a401459da26d253,UPDATE,STATUS,INACTIVE
036f403f-6fc98f583c717155bf464a25a4d52597,UPDATE,STATUS,INACTIVE
036r3gqw-45105b7c8c584fc29ac176b90d3d0563,UPDATE,STATUS,INACTIVE
03675dcd-e8504a0a7b97fef949dea70bb09e62a0,UPDATE,STATUS,INACTIVE
036r3gx9-93a0d02f2bc7425cb221db71f63eba74,UPDATE,STATUS,INACTIVE
036r3gx0-50badea808334159958dd730665d475a,UPDATE,STATUS,INACTIVE
03699b48-e42363ce6cfe6934b59979db28995d52,UPDATE,STATUS,INACTIVE
036r6587-077311408ce5497cb0da61a88ad31709,UPDATE,STATUS,INACTIVE
036r3gx0-fc2b57a7e7a14bfaf8946aa94fc6f55d,UPDATE,STATUS,INACTIVE
036r3gr7-8ac1f9fda0d05ade2499772f2a13f153,UPDATE,STATUS,INACTIVE
036r3gx0-9eef46803e1d1d8fef655d7d7edcf254,UPDATE,STATUS,INACTIVE
036r3grp-bb17ad4a16743f741eafea650560dfc4,UPDATE,STATUS,INACTIVE
036r3gqv-d2c8c56038c754cd4b7a4c650a76dcc4,UPDATE,STATUS,INACTIVE
036r3gr4-25fb7d5bcc84a7bc6a8aaa846fcb936a,UPDATE,STATUS,INACTIVE
036r652n-6845f232145f491a9ddc617f413f1a4e,UPDATE,STATUS,INACTIVE
036r3gx1-7a20cc6b2d9bd12ff43789a1ea0b98ab,UPDATE,STATUS,INACTIVE
036r3gre-654d41c72f4b6867a27ea71514531e32,UPDATE,STATUS,INACTIVE
036r3gqz-eebc4a4596d94a63a3617787d4be45a6,UPDATE,STATUS,INACTIVE
036r3gry-38fdad28f5f136c3fa829ed039ec43c9,UPDATE,STATUS,INACTIVE
036r3gx2-d121b9d476ec802fff2715008902df01,UPDATE,STATUS,INACTIVE
036r3gx8-8f59254010d48cae0548f5451704ea02,UPDATE,STATUS,INACTIVE
036r3gqy-3782b9b4bb7bf0da0d0208269c64dd10,UPDATE,STATUS,INACTIVE
036r3gx2-9b99a25b99fc8d1d126952a9b652a445,UPDATE,STATUS,INACTIVE
03605fa9-6b37a8a1f86d02f0f1ef489bf1d94800,UPDATE,STATUS,INACTIVE
036r3gx9-80587dbb447f441a8f1fb8b46326dca0,UPDATE,STATUS,INACTIVE
036r3gwb-3b733ea7928634c9169227df994912a0,UPDATE,STATUS,INACTIVE
036r3gx8-ee10118c00824d45942eb9e3e29aeb92,UPDATE,STATUS,INACTIVE
036r3gx2-b7d80358725f42548c546003cfbab8ad,UPDATE,STATUS,INACTIVE
036bma4v-e7e91547bb030e4091e616e8845c66be,UPDATE,STATUS,INACTIVE
036r3gx0-d4c492c3775c7c379e8d644ae95d13af,UPDATE,STATUS,INACTIVE
036r3gx2-a54c6d4f9a2c4dd880bae9f1825dbf8c,UPDATE,STATUS,INACTIVE
036r3gx2-a2f191379e269ebd3fed516a03e47103,UPDATE,STATUS,INACTIVE
036r3gx2-2a069400fdd647e7b28e461e5a407556,UPDATE,STATUS,INACTIVE
036r3gqz-8abfd5fae4465a01114cd8cfba2be57c,UPDATE,STATUS,INACTIVE
036r3gx2-ce73cfe2e6df9aab1302eebf906cfbd8,UPDATE,STATUS,INACTIVE
036r3gx2-349d6eda02ce4be2a4c215143f127528,UPDATE,STATUS,INACTIVE
036r3gx0-a2099a90a28cb0c1fa5050c4124a567b,UPDATE,STATUS,INACTIVE
036r3gx0-c600cd28cde94d6fa02a9890504987c4,UPDATE,STATUS,INACTIVE
036r6586-d4559f71bd1ef1d1906065ca3e8ffaa1,UPDATE,STATUS,INACTIVE
036r6526-aad1222049ce78eef74c950c415eb10d,UPDATE,STATUS,INACTIVE
036r3gx8-7cde390b48874f8b8b81ff1c8a7b15e2,UPDATE,STATUS,INACTIVE
036r6521-59fecd10ba6eb30e53edb7b84f754843,UPDATE,STATUS,INACTIVE
036r3gqz-a88b67cceaf48fd604eed541a398cb72,UPDATE,STATUS,INACTIVE
036r3gqy-31fbb734645cbc66d700b22886f67c36,UPDATE,STATUS,INACTIVE
036r3gre-1782464802c879d4a70483c9595e747f,UPDATE,STATUS,INACTIVE
036jx7ps-3ce7234854880067084d4364213edadc,UPDATE,STATUS,INACTIVE
036r6586-628dc72d0e8787430510ba3f5a025ca8,UPDATE,STATUS,INACTIVE
036r3gr2-92c134475121519341fa4bb489e04a6c,UPDATE,STATUS,INACTIVE
036r3gr9-0cefb09e26ff3e04dd386fcc4ccbf83b,UPDATE,STATUS,INACTIVE
036r3grd-2f1ebacf0b9de79e9587a02bec27d31f,UPDATE,STATUS,INACTIVE
036r3grf-f634c722f922bb8da9fba1a9fc2bad02,UPDATE,STATUS,INACTIVE
036r3gnj-eb852767027c4fa58d3c30bc663934ae,UPDATE,STATUS,INACTIVE
036r3grk-fc1d5f64bb75493cac86e8c1a31b04d7,UPDATE,STATUS,INACTIVE
036r3gx9-d88f15e9bfbf9fae1ad3f4fd02febedc,UPDATE,STATUS,INACTIVE
036r3grt-15916ac0086bf3b19674fe95e9a20f2d,UPDATE,STATUS,INACTIVE
036r3gnr-6e95b64d14f5716299291f8aed54475a,UPDATE,STATUS,INACTIVE
036r3grk-6af783750b425647efbfa26b9abab5f8,UPDATE,STATUS,INACTIVE
036r3gxd-229a6c1f99617350bfc1649fa80c52da,UPDATE,STATUS,INACTIVE
036r3gre-48c25894df7d76659f9d028d4cd08d2c,UPDATE,STATUS,INACTIVE
036r3gnp-c51570a8e1424a2180fc64f50efacd6c,UPDATE,STATUS,INACTIVE
036r3gnq-9f6cde7f8d41aa3f307a6c2cfa4c1ee3,UPDATE,STATUS,INACTIVE
036jx7ps-03e41c44ae770df3d4151fb9bb22eb08,UPDATE,STATUS,INACTIVE
036r3gpu-5513663f76703aeb8d0776275aa3abd1,UPDATE,STATUS,INACTIVE
036r3gx2-130c05ad9784ec0b2bc80b6b16904f32,UPDATE,STATUS,INACTIVE
036r3gx3-611dc2af15d8636a694b4d62dd11807f,UPDATE,STATUS,INACTIVE
036r3grs-33636095f33ccebccb3c45090b467f09,UPDATE,STATUS,INACTIVE
036r3gqc-8d0a58113ff2527dc6cbe9ee998fbf3e,UPDATE,STATUS,INACTIVE
036r3gx0-6f157380baf24ab38a3892c01ec32265,UPDATE,STATUS,INACTIVE
036r3gx2-3bff1e1040c0ecef675a62b47e175f27,UPDATE,STATUS,INACTIVE
036r3grq-c801e55e17fa4c34477af79acb6adc36,UPDATE,STATUS,INACTIVE
036r3gx0-82f9a493496310be5512e17e7a36c5a7,UPDATE,STATUS,INACTIVE
036r6525-a72d52dbcc55ae1b356b3aee6ff861ff,UPDATE,STATUS,INACTIVE
036r3gxd-673a49b6582ed6da1d0aed3887bfcbcc,UPDATE,STATUS,INACTIVE
036r3gxd-68abae81d2f94c32914b94362c2e64eb,UPDATE,STATUS,INACTIVE
036r3gqz-a7e86d8a99d8e3b5b7c46b393ed9c747,UPDATE,STATUS,INACTIVE
036r3gx8-922c4d7b94b23b923c176a67bb424e0b,UPDATE,STATUS,INACTIVE
036r3grh-754ef0f73dc0c35c870698da7c4d249c,UPDATE,STATUS,INACTIVE
036r3gqq-e6d15e298287d0ed8b12255d0d03a4fe,UPDATE,STATUS,INACTIVE
036r3gqg-812461e59d248c39e82900454c3a5061,UPDATE,STATUS,INACTIVE
036r3gx2-0770c453088f6ff0d828c1a19671791a,UPDATE,STATUS,INACTIVE
0368lxx5-92c6106d985b067a198e22de43de4306,UPDATE,STATUS,INACTIVE
036r3gx0-7e455f9b8f11ed2ac5b590421c541869,UPDATE,STATUS,INACTIVE
0368lxx5-7333a628edc10fe0f681eeb13c2a1771,UPDATE,STATUS,INACTIVE
036r3gx2-880673146fd7442eacddf365812e387d,UPDATE,STATUS,INACTIVE
0369b6ea-05ce04ea19cf73a57e1bceb0bb0af556,UPDATE,STATUS,INACTIVE
036r3grq-a4bf53a24af045009ba104ffdf2e8168,UPDATE,STATUS,INACTIVE
036r3gr5-c0add2f582c74ed097842e3cc22496b4,UPDATE,STATUS,INACTIVE
036r652q-87e03a6dea62fdc7333bf4ea4c462575,UPDATE,STATUS,INACTIVE
036r3gqz-dfa25f51ff93ee3602b9b7f748d3c3ae,UPDATE,STATUS,INACTIVE
036r3gr6-51386e0e0edb4676866547ae657fca31,UPDATE,STATUS,INACTIVE
036r3grw-b289224cb5a34d509043d4ae730c19c5,UPDATE,STATUS,INACTIVE
0368lxx5-4d7d479f77fc07579e4961a79a9900f1,UPDATE,STATUS,INACTIVE
036r3grs-87bb7252d2b54835b2e9e3cc81d0d3b0,UPDATE,STATUS,INACTIVE
036r652q-0cf1379a798b4279bb45f47350ac31f3,UPDATE,STATUS,INACTIVE
036r3gx9-e3977196539c4d559f65612b6b753ea3,UPDATE,STATUS,INACTIVE
036r3grh-8b6ce90ee86f4df6b87e7026bab4e13e,UPDATE,STATUS,INACTIVE
036af69f-9be8365322512671e08d45a70817b427,UPDATE,STATUS,INACTIVE
0368lxx5-39b26e771a960652d429c8ee97eec49c,UPDATE,STATUS,INACTIVE
0368lxx5-4b0611fe6dbf0300829354bad9c815be,UPDATE,STATUS,INACTIVE
036jx7ps-792e624fb81b097c61ec5ea3731e5448,UPDATE,STATUS,INACTIVE
036r3grj-137679e253060be82e50ee1122f9cf5b,UPDATE,STATUS,INACTIVE
036r3gr4-c99fd8bcc76249f9b669162b81654c35,UPDATE,STATUS,INACTIVE
036r3gx8-ca0cb3e43a5f4ff3a11961a07e799860,UPDATE,STATUS,INACTIVE
036r3gx2-e114ce7824278c72fee03cc8fbc5d45c,UPDATE,STATUS,INACTIVE
036r3grn-0862d818bb614e23b9b810dc4073c247,UPDATE,STATUS,INACTIVE
0368lxx5-3ae0c360ac480fc2c9247df014cfd524,UPDATE,STATUS,INACTIVE
036a1352-eef9aa342112db0c74db70f55c699127,UPDATE,STATUS,INACTIVE
036jx7ps-d3496e54dfdf0ab546e78ab5033ce087,UPDATE,STATUS,INACTIVE
036r3gx0-6c2513f1221cb1b4da22383f730f6159,UPDATE,STATUS,INACTIVE
036r3gx2-bc60113f3efcac68a70a88f93265f1f8,UPDATE,STATUS,INACTIVE
036r3gx0-97e0e3ece6c546b08c3af8161661101e,UPDATE,STATUS,INACTIVE
036r652h-b907c5aecd724eb683b13129bb77f5d2,UPDATE,STATUS,INACTIVE
036r3gqy-86969a2b2cbf79aec3998a139aa055d0,UPDATE,STATUS,INACTIVE
0368lxx5-169bb12f2fc907a5540e6aed62c9c145,UPDATE,STATUS,INACTIVE
036r3gnp-0afacb095428b8fd9a6982fe61a77cd6,UPDATE,STATUS,INACTIVE
036r6526-ef2c812da63044e0bad2a35d22a8b809,UPDATE,STATUS,INACTIVE
036r3gx3-2cbc84c5098f1f6c65552739cb94861e,UPDATE,STATUS,INACTIVE
036r3gqs-cee436d780af4a6296af7ec6aabf3303,UPDATE,STATUS,INACTIVE
036r3gpy-80ceb2fbcf5ccb6c3314ba96076bd095,UPDATE,STATUS,INACTIVE
036r3grm-1a80bd43fbeb48b2be28931fb56de39b,UPDATE,STATUS,INACTIVE
036r3gx0-683777678f167e7a0d37797803ede07b,UPDATE,STATUS,INACTIVE
036r3gr9-92f25b67dde94ecfaa6f67ca9d44f3e7,UPDATE,STATUS,INACTIVE
036r3grq-a8a599f8fb5eed9bc82cdd5421241ab3,UPDATE,STATUS,INACTIVE
036r3gx3-ce28a0a96de861dc1dfd4c664187aba5,UPDATE,STATUS,INACTIVE
036r3gx3-5e89eb0e8a134776b57ec5bc88fd0ee0,UPDATE,STATUS,INACTIVE
036r3gxf-daefb008567252105c785a79afc7545c,UPDATE,STATUS,INACTIVE
036r3grt-6e5a86f199b8bdeb8a26387e1a5578d8,UPDATE,STATUS,INACTIVE
036r3gr4-4880c69987de4d198cddcd9b61507bcd,UPDATE,STATUS,INACTIVE
036r3grw-a706f1f139ba4326ad6a183e09d39f0b,UPDATE,STATUS,INACTIVE
036r3grs-ded942d88c434cd89b529403e17b7a0a,UPDATE,STATUS,INACTIVE
036r3gx2-712feb71470a5f3c85b007687457a83a,UPDATE,STATUS,INACTIVE
036r3grp-be1e0f54d5ad5557bb03c48640d1332f,UPDATE,STATUS,INACTIVE
0361r4ve-780092135b170b75fb5aa5e941cb2981,UPDATE,STATUS,INACTIVE
036r652q-98b95e873c68459fba2020d84f4cdacb,UPDATE,STATUS,INACTIVE
036r3gqt-2666d2afcb0503145712a9c9c85cb3a2,UPDATE,STATUS,INACTIVE
0362d8d0-a6d2207a271d5d8057cb0102cd5657ea,UPDATE,STATUS,INACTIVE
036r3gx9-54b893057e2849e2831f5296f8a9e6e7,UPDATE,STATUS,INACTIVE
036r3grx-2b1df930b808272fb88dc76be86c6a16,UPDATE,STATUS,INACTIVE
036r3gq9-141a46df7c3b2d4da7ab8781fbba24d8,UPDATE,STATUS,INACTIVE
036jx7ps-300d904c040f0f30f6981ba4e77abf6f,UPDATE,STATUS,INACTIVE
036d408k-53f59ab40f31023a615677ef3b7244b3,UPDATE,STATUS,INACTIVE
036r3gx9-35c0b47a8e914156a40c10df78107bf2,UPDATE,STATUS,INACTIVE
036r3gqz-0b6db87ea6500102c3b4e0314fc4e773,UPDATE,STATUS,INACTIVE
0368lxx5-d11f4a10bd630665f7de71d41e5e1ae3,UPDATE,STATUS,INACTIVE
036r3gx2-e23bc16dcacb8b69bc5f0b5b758a4226,UPDATE,STATUS,INACTIVE
036r3gx0-8ff2a68528f6d5dc484432eab4909ac2,UPDATE,STATUS,INACTIVE
03658e78-3720f3777e52c39c0943a1b864b5d654,UPDATE,STATUS,INACTIVE
036r3grc-f577793c67de4daf95156c47e3b10b9d,UPDATE,STATUS,INACTIVE
036r3grp-0ee85ae75a9c45e8b9714139737c44e5,UPDATE,STATUS,INACTIVE
036r3gx8-37b1d89763ded53ca731bd16c29154df,UPDATE,STATUS,INACTIVE
036r3grm-63b8c2adf306f05bff5681321b5d071c,UPDATE,STATUS,INACTIVE
036r3gx2-d5395544c23040ddb1b529695042bb20,UPDATE,STATUS,INACTIVE
036r3gqm-8f9f136f3bf4b0b63288520e01d2e613,UPDATE,STATUS,INACTIVE
036r3gx0-be9f99c64c0d4317ad969db1cb885a88,UPDATE,STATUS,INACTIVE
036r3gx2-0a78c1e7f4f54cb7a3f66ba014f0e7cf,UPDATE,STATUS,INACTIVE
036r3grw-9781e5166d6545faaaa2d0421325673f,UPDATE,STATUS,INACTIVE
0368lxx5-a18307e6e2e5048a3f082708c55da2b5,UPDATE,STATUS,INACTIVE
036r3gnp-e34317c4c3d6c7fea2fc65e51a260703,UPDATE,STATUS,INACTIVE
036r3gxd-f65ba2b90fda4c7b83f842be0004aa83,UPDATE,STATUS,INACTIVE
036r3gx0-b5041c3baf1409a5fd136e0a5c666aae,UPDATE,STATUS,INACTIVE
036r3grs-9c041b12d0b8499ab9c1506eddd68c4b,UPDATE,STATUS,INACTIVE
036r3gre-fac9f53e26ecad5356b125505bd58543,UPDATE,STATUS,INACTIVE
036r3gru-0c19519168674182a49ee2b4296fffd6,UPDATE,STATUS,INACTIVE
036r3gqb-d00910f9eda9f9a7cda8546ce75c7dc6,UPDATE,STATUS,INACTIVE
036r3gx2-8b2ac71771f94d1b88d0d8a59fab162d,UPDATE,STATUS,INACTIVE
036r3grv-3857eeed08e04c95b001a7fa53a864b1,UPDATE,STATUS,INACTIVE
0361r4ve-9cd4babd0a66028089bb89fcb4276337,UPDATE,STATUS,INACTIVE
036r3grr-cca736f8afb34778936730d5248868fc,UPDATE,STATUS,INACTIVE
036r6522-05193bf8126caf62c4a6143d12c24f0e,UPDATE,STATUS,INACTIVE
0361r4ve-458768a1944101a49fa3fb4e6ecc5051,UPDATE,STATUS,INACTIVE
0368lxx5-64fb9b37076b0b5e3e907edd87e790d0,UPDATE,STATUS,INACTIVE
036r3gx2-c593dfa7f32841c7868778764fd3b603,UPDATE,STATUS,INACTIVE
036r3gr4-5f3f1d5b8b192ea86d4d9e7dfa548aa5,UPDATE,STATUS,INACTIVE
036r652h-bd381bc1685544aaa242bb37d929c850,UPDATE,STATUS,INACTIVE
0361r4ve-71f9c13589d60eb67e1beece493e80e6,UPDATE,STATUS,INACTIVE
036jx7ps-c0d6709d1a9707e12fdc52fef4404215,UPDATE,STATUS,INACTIVE
036r3gx8-9e16b4ab6fa848fab2554dfd01261787,UPDATE,STATUS,INACTIVE
036r6520-8a99c860025d456893113f8d7a02247c,UPDATE,STATUS,INACTIVE
036r3gpz-799ce15b57fe4276a3ff471396b3d192,UPDATE,STATUS,INACTIVE
036r3grp-35e4b059907b444cb457161bf8081ae0,UPDATE,STATUS,INACTIVE
036r3grj-5a51d0511f2aa5839a25a8ff353f6fcf,UPDATE,STATUS,INACTIVE
0361r4ve-c1d2ff80ec4604fc472802eead643689,UPDATE,STATUS,INACTIVE
036httek-82b5b3f363d0052af9cbdb94981e7e77,UPDATE,STATUS,INACTIVE
036r3gx8-c11c60442f294e9ebce1337bc9c58363,UPDATE,STATUS,INACTIVE
036r6526-1233b3b8ef194450ac2aae8870c6769b,UPDATE,STATUS,INACTIVE
036r3gxf-490367d6a96286ea44716cf5676dd51e,UPDATE,STATUS,INACTIVE
036r3grc-2e86a2776b64487b835abc22801b559a,UPDATE,STATUS,INACTIVE
036r3grh-63130f46fc674023abacfd60895d1ac2,UPDATE,STATUS,INACTIVE
0368lxx5-04d8d2f62cf205faac7ef372fa18f36a,UPDATE,STATUS,INACTIVE
036r652h-703311b4c539430ba4bd1bfc2d77dfd8,UPDATE,STATUS,INACTIVE
036r3gx0-a1e9fd5f2aec43768e20e940c038e4e5,UPDATE,STATUS,INACTIVE
036r3gx6-6cf7e3e73be64172a1ca35f36c24dcc8,UPDATE,STATUS,INACTIVE
036jx7ps-d5f0950a3f63066b876f547a0f31914b,UPDATE,STATUS,INACTIVE
0368lxx5-5ae9a82e6272020a4d8ef3dbd713eb22,UPDATE,STATUS,INACTIVE
0368lxx5-774e2b3582bf093d56e070df392b1e3a,UPDATE,STATUS,INACTIVE
036r3gpy-b881027888597469692b8f4cf7d04ce6,UPDATE,STATUS,INACTIVE
036r6584-e1bca2665a2f3a33ea13c714e98678b2,UPDATE,STATUS,INACTIVE
036r3gx3-2980e86284871b38058442fa7dff06d8,UPDATE,STATUS,INACTIVE
036r3gx0-c5768174a0fcca1ae29b58b3f942a306,UPDATE,STATUS,INACTIVE
036r3gqu-b680a2c6bf19de3fe30da0b7a6f1faa4,UPDATE,STATUS,INACTIVE
0368lxx5-1ca5ceb6bcd809fb9eab84d7da66b0e5,UPDATE,STATUS,INACTIVE
036r3gr4-b980ebeb455c824d4b407445bb908eb9,UPDATE,STATUS,INACTIVE
036r3grp-ea859d295a2942789fa5c6fb63b2a93e,UPDATE,STATUS,INACTIVE
036jx7ps-f6c04b9041a9016216b55edf7be38267,UPDATE,STATUS,INACTIVE
036jx7ps-988873bb107e05a0f605b4a10cc266d6,UPDATE,STATUS,INACTIVE
036r3gx4-5a433f56a71633dcc4f5115ec459cc03,UPDATE,STATUS,INACTIVE
036r3gxd-cf5b9b39e5d044c0a810bbe90aa360d6,UPDATE,STATUS,INACTIVE
036r3grf-688c2016cd9742dfb9c7dc0e11fc7b23,UPDATE,STATUS,INACTIVE
036r3gx2-fa1853b47a844c068e40f382957dff10,UPDATE,STATUS,INACTIVE
036r3grv-580af42706ac431189a199dbe564fd65,UPDATE,STATUS,INACTIVE
036r3gx3-a1af8f69418e40d99181c09457941bb0,UPDATE,STATUS,INACTIVE
036r3gx8-33843b80cae84e44af0d98bc0526375e,UPDATE,STATUS,INACTIVE
036r3gx1-095372dba9fbab03f19b666287453cde,UPDATE,STATUS,INACTIVE
036r3grq-cf742d22721a472f8ff96f4a027db9f4,UPDATE,STATUS,INACTIVE
036r3gr3-944a2d97de86fb60c19b8a0d722e3066,UPDATE,STATUS,INACTIVE
036r3grq-de7ffd4ef3dd4134a9cffcc38530ac86,UPDATE,STATUS,INACTIVE
036r3gx3-5a4cd778007e485d8355f0773da60f3c,UPDATE,STATUS,INACTIVE
036r3gx1-d4ccacaf38d904023080f21d28624b39,UPDATE,STATUS,INACTIVE
036r3grn-29140beab4feb91118d7600a657a502b,UPDATE,STATUS,INACTIVE
036jx7ps-7474db02591c0293b1be680870075a6a,UPDATE,STATUS,INACTIVE
036r3gre-515ba0ba218941fd997dad974ae90668,UPDATE,STATUS,INACTIVE
036r3gwc-bbb3341a509740638566d3162db752b4,UPDATE,STATUS,INACTIVE
03669c33-596401036f2f35501dae8593b4de8b33,UPDATE,STATUS,INACTIVE
036r3grq-6f24c1ea52e341bfbb5594c71c7dd240,UPDATE,STATUS,INACTIVE
036r3gx6-a8c367465029a447b059cea7e97d0e29,UPDATE,STATUS,INACTIVE
036r3grp-f80cedd32323d2de0b4a606378c42a46,UPDATE,STATUS,INACTIVE
036r3gq2-1e12c3cae98c543057cfb178b9b1fdc5,UPDATE,STATUS,INACTIVE
0368lxx5-ff876500094b06eaae9c8a430152ca65,UPDATE,STATUS,INACTIVE
036r3gnp-79e688cbba43ae2dafe358e516832c73,UPDATE,STATUS,INACTIVE
036r652z-f9ec0d94a5164bbba81af49b222779bb,UPDATE,STATUS,INACTIVE
036r3gxf-94b4742ac0c614801e0f52a3a7eecb10,UPDATE,STATUS,INACTIVE
036r3grw-bf7c8b37a3f34c13a817ce602ad280b2,UPDATE,STATUS,INACTIVE
036r3gnr-94d9ab4c45fb7ac362faf68b0f3bfde8,UPDATE,STATUS,INACTIVE
0368lxx5-d55cc06518d80d1005a07293d1b12a8d,UPDATE,STATUS,INACTIVE
036r3gnq-cfaa351281a54137adefbf4c9881525f,UPDATE,STATUS,INACTIVE
036fa94b-3bd50bf95793465944cb0e2945c1036e,UPDATE,STATUS,INACTIVE
036r3gx1-2c00b015b2824c7daa0cbcbb1f0fa4c3,UPDATE,STATUS,INACTIVE
036r3grp-f069e87a20610e616157cf615730ff5a,UPDATE,STATUS,INACTIVE
0368lxx5-6f428f5babb508fd4c6cc2f4983bfcfd,UPDATE,STATUS,INACTIVE
036r3grh-304bb333bf6e4604922c896bf5870059,UPDATE,STATUS,INACTIVE
036r3gx0-2f7797a884cb4318bb9a13f4579a5f33,UPDATE,STATUS,INACTIVE
036r3gx1-c80b4fdf32877098b0db6dbf274395a1,UPDATE,STATUS,INACTIVE
036r3gx2-e2063fbd609a5dcf102b76b3fa8f6b22,UPDATE,STATUS,INACTIVE
036r3grm-6bf6e70022814d96b6760c32cc0a8548,UPDATE,STATUS,INACTIVE
036r3gry-9a8a7e1ea1d04497be360eb09b9a64ea,UPDATE,STATUS,INACTIVE
036r3grh-d6fca06e70ed7c155a0cd4fb0809906e,UPDATE,STATUS,INACTIVE
036r3gqz-6d677db544e360263898483c58a76ca4,UPDATE,STATUS,INACTIVE
036r3gru-9002f4a1fbafbcfc2a24d4b4b4b27f28,UPDATE,STATUS,INACTIVE
036r3grr-678d11633f0d863cb2c99f0ce206ef88,UPDATE,STATUS,INACTIVE
036r652p-14dc941dbb5b4fee8a41c2f729ed3840,UPDATE,STATUS,INACTIVE
036r3grt-e961f638c645c0e593b312e3f07798a7,UPDATE,STATUS,INACTIVE
0361c672-cd20091f8c57da89d3f6566615330a73,UPDATE,STATUS,INACTIVE
036r6584-6559e8a8da5b499e83e227f6de51d64a,UPDATE,STATUS,INACTIVE
036r3grg-d3eeaffbf26e45ffbf7b5c7db5bf5e45,UPDATE,STATUS,INACTIVE
036r6524-6cae974de92d463799c4475797a65afb,UPDATE,STATUS,INACTIVE
036r3gnm-3b778798526f4731a366729aa11a0df2,UPDATE,STATUS,INACTIVE
036r3grr-579c8ca9e284bef4bd3d374be277b2fb,UPDATE,STATUS,INACTIVE
036r652j-f546b3fdd6b04859b35654f11eabae1c,UPDATE,STATUS,INACTIVE
036r3gwc-189aa2edd2734f5998c65293cc367faa,UPDATE,STATUS,INACTIVE
036r3grs-67f30538fdea36fbdf23ede860f67bb9,UPDATE,STATUS,INACTIVE
036r3g7b-0687cab001824633992953ac66cbae68,UPDATE,STATUS,INACTIVE
036jx7ps-378982a2480f0d0c673f714e17220ebb,UPDATE,STATUS,INACTIVE
036r3grw-d9fb328fa04600117d4d3de6c6429e8c,UPDATE,STATUS,INACTIVE
036r3grp-a31f39ebb43a4664b8d023930adad62d,UPDATE,STATUS,INACTIVE
036r3gx2-1a9f855824c844b183034b17c552a98e,UPDATE,STATUS,INACTIVE
036r3gqf-068ba01987884e7ab518433e06f89093,UPDATE,STATUS,INACTIVE
036r3gqr-c300644b9a91a85d9e89c651c4286117,UPDATE,STATUS,INACTIVE
036r3gxf-e5de4b1c209fe667c39a5039eb3283d8,UPDATE,STATUS,INACTIVE
036r3gwb-ad0240b4818c449e8a31b07df1b3781b,UPDATE,STATUS,INACTIVE
036r3gqt-d5d7dfa1d0b044c72c11f8db4e9b15e5,UPDATE,STATUS,INACTIVE
036r6582-0571b9d0e2afcdbcbd16fffea6be5baa,UPDATE,STATUS,INACTIVE
036aabd1-c0fd171dcfdb0b23a8c377363a7a2521,UPDATE,STATUS,INACTIVE
036r3gqv-bbffce1a1f014b99ae43ecce952b87ab,UPDATE,STATUS,INACTIVE
036r3gpv-523a732fcb4b464eb2b1f760e199f922,UPDATE,STATUS,INACTIVE
036e1975-a2e5bb083044222215c0cf2f55673d4e,UPDATE,STATUS,INACTIVE
036r650p-57a17d37fcf68e26e3b380c2b218f7d8,UPDATE,STATUS,INACTIVE
036r3gqg-7b85ed18aa2e59b54c2ff06d30cd463e,UPDATE,STATUS,INACTIVE
0368lxx5-0684c22da6cb0387f9a64c51317f93be,UPDATE,STATUS,INACTIVE
036r3gwc-a7e4845d902546ecb7f8c2329e04ab2e,UPDATE,STATUS,INACTIVE
036r3gx0-7d237971b8f34bd39079e96c3a52f017,UPDATE,STATUS,INACTIVE
036r3gx1-ff20e594c1fb7af62b1ed3d750a60ad5,UPDATE,STATUS,INACTIVE
036r3gqr-82a983f10a164e5786fc4a8700848d63,UPDATE,STATUS,INACTIVE
036r3gqy-8fc9f4d4134f46dfa2adf091823f646c,UPDATE,STATUS,INACTIVE
036jx7ps-14d6844a62170ad67da89c883db065e7,UPDATE,STATUS,INACTIVE
036r3gqz-7e479c0eee5c2c1ac29d24efce587026,UPDATE,STATUS,INACTIVE
036d408k-7a7425b87ef6051b90b0cadfc630e95c,UPDATE,STATUS,INACTIVE
036r652n-51f445505efb491ca41373b791c014d2,UPDATE,STATUS,INACTIVE
036r3grt-e9e96722aae8467b803e4113ddd38658,UPDATE,STATUS,INACTIVE
036r650h-91915787e1204f9abf026386e21917a9,UPDATE,STATUS,INACTIVE
036r3grx-cb4fc82fa373b97b4702b8e76e99c6da,UPDATE,STATUS,INACTIVE
036e7057-16f179118e3b326efac0f166a2385f52,UPDATE,STATUS,INACTIVE
036r6521-c1fb85b49176d3d52dceed7490413a47,UPDATE,STATUS,INACTIVE
0361r4ve-5ec855e88fe90660970694e463b05204,UPDATE,STATUS,INACTIVE
036r3gpy-9e1b6e0849b5369e220b4ec76666eb63,UPDATE,STATUS,INACTIVE
036r3gx9-72946231a57e4a31913dafb1cc946081,UPDATE,STATUS,INACTIVE
036r3grn-c580805b4dfa4fbf97374d304601d638,UPDATE,STATUS,INACTIVE
036r3gx9-81c0ebe3de614ae7bf982863075b488b,UPDATE,STATUS,INACTIVE
0361r4ve-6f22ad7da29b07bc850af8b8de718a56,UPDATE,STATUS,INACTIVE
036httek-2efd24a04e2d04ca4940fed490982907,UPDATE,STATUS,INACTIVE
036r3gx8-34fb9baa342adbf06e50e4b8f1aeef3f,UPDATE,STATUS,INACTIVE
036r3grx-7c968c40667ca457979053bd4d5f03fd,UPDATE,STATUS,INACTIVE
036r3gxd-3782f5934469fa4501b68f9876fdbe82,UPDATE,STATUS,INACTIVE
036c9188-c0561bdc4d1da13720309117cc124345,UPDATE,STATUS,INACTIVE
036r3gx0-7ed264d11d439d3cb4c132cd8a7293c0,UPDATE,STATUS,INACTIVE
036r3gq2-331ac413df244bd2bbb6c79efcb4835b,UPDATE,STATUS,INACTIVE
036r3gx2-9cf07e38788f445b9b82886d8fba4fec,UPDATE,STATUS,INACTIVE
036r3grs-08712d5232af460b9791aca389cbe98f,UPDATE,STATUS,INACTIVE
0368lxx5-5c0ab18ae38d003b4f7e4936f3cada12,UPDATE,STATUS,INACTIVE
036r3grn-b572701e20d5cc72f52217cb4efee710,UPDATE,STATUS,INACTIVE
036r3grs-c73b65b353744ddd9182f56b8665006e,UPDATE,STATUS,INACTIVE
0361r4ve-72821084ca6a041a9ccf83b02437284a,UPDATE,STATUS,INACTIVE
036r3grm-760d07e249244a9ba85539ffbae0c7a0,UPDATE,STATUS,INACTIVE
036r3gr4-def637e28466494c8d9685f6cde2147c,UPDATE,STATUS,INACTIVE
036r6523-1566c1a01b1b76533408bc37b14f2493,UPDATE,STATUS,INACTIVE
0360fd0e-d2d0fbdaf25e86fbaf90adf6a2f4ab01,UPDATE,STATUS,INACTIVE
036r3gx2-6ab891f04e13294a9749cbf90c950ff7,UPDATE,STATUS,INACTIVE
036jx7ps-21051a5e11d808e8c493c15e4d7ba517,UPDATE,STATUS,INACTIVE
0368lxx5-646f7105753c02d8ee474e341358fe16,UPDATE,STATUS,INACTIVE
036r3gpv-c3d5e5fa5bdac779b8e68da17dcd20f8,UPDATE,STATUS,INACTIVE
036r3gqy-d85d0bb0af744c06b28ed5a7fcde31d6,UPDATE,STATUS,INACTIVE
036r3gx8-3df3d859078e4a9998b92c7af2ddb6f2,UPDATE,STATUS,INACTIVE
036jx7ps-e353b36a21f00341d2978412851201a4,UPDATE,STATUS,INACTIVE
036r3gx1-f98a4eb2d6e34e6d9c08d46a25112c70,UPDATE,STATUS,INACTIVE
036r3grq-1b8468b8e7d357b4f1810846cf83cd8f,UPDATE,STATUS,INACTIVE
036r3gr7-b02e7f8ccf994098bb2a0f726379a6b5,UPDATE,STATUS,INACTIVE
036r3grp-df19cf5bbacfd59e43cbabca8ebe09d1,UPDATE,STATUS,INACTIVE
036r3grk-cdd9fa8d34ebb1f5d37dde81397022a7,UPDATE,STATUS,INACTIVE
03644afc-da0d89057ae4f525d4800b458787deb5,UPDATE,STATUS,INACTIVE
036r658e-bf1de99e96002dd06cee9bbace9ef40a,UPDATE,STATUS,INACTIVE
0368lxx5-c939d717854d0c2c2021c81dd784d2d8,UPDATE,STATUS,INACTIVE
036d408k-5944f985bd720f966862ce5a342346eb,UPDATE,STATUS,INACTIVE
036r3gxd-4c4517c9722537f0fb8f8615c04f9d28,UPDATE,STATUS,INACTIVE
036r3gpv-042c1e74ffadde90cecfbb06f82607cb,UPDATE,STATUS,INACTIVE
036r3grr-b0072f562d381dce9266d886d53dc20f,UPDATE,STATUS,INACTIVE
036r3gx0-5c9171f304df43218b3814d88f6f17e6,UPDATE,STATUS,INACTIVE
0368lxx5-c03ef5a39f870082e89b02823a5be496,UPDATE,STATUS,INACTIVE
036r3gx0-a5fec63e21cd17ea004b5db4819cd29a,UPDATE,STATUS,INACTIVE
036r3gpu-71bf75cff623436384a2c04ca1ad51da,UPDATE,STATUS,INACTIVE
036r3gnn-be9958b9809eb81049396aad0d02ea78,UPDATE,STATUS,INACTIVE
036r3gx1-7e539bea0eda46d78e798ab2e33458c9,UPDATE,STATUS,INACTIVE
036r3gpv-bfdab813b21f433a9dba67f3890ec33b,UPDATE,STATUS,INACTIVE
0368lxx5-b45932d127e00e90854a0cc883531291,UPDATE,STATUS,INACTIVE
036r6525-2803d2c85888b53f61fa0a8cfc05fa1e,UPDATE,STATUS,INACTIVE
036r3gqk-4f57b2196e1940d7a97935ca69ee95c0,UPDATE,STATUS,INACTIVE
036r3gx8-5c514f96df6c40b8adee47e8ec5d95ca,UPDATE,STATUS,INACTIVE
036httek-74ac9187a44a0973353a8f8c2cedca02,UPDATE,STATUS,INACTIVE
036b4e47-9793f403a1f1367264c12d333e1c2105,UPDATE,STATUS,INACTIVE
036r3gq9-fa82785393a4eab7d9209898f6f46325,UPDATE,STATUS,INACTIVE
036r3gx0-5c04eff1704e056dfe6274942d094e0d,UPDATE,STATUS,INACTIVE
0368lxx5-f7a50929e75f0a46fee1e3c1cb7db8f1,UPDATE,STATUS,INACTIVE
036r3gry-5b98fc511b18322328cdd67b6ae179d2,UPDATE,STATUS,INACTIVE
036r3gpu-af98f6442a0f65b929a79a5b2c40f435,UPDATE,STATUS,INACTIVE
0361r4ve-5b934a80dd650017b3ec254f57d7eec3,UPDATE,STATUS,INACTIVE
036r3gq9-7a573327440943eab1e7444fcf2e535e,UPDATE,STATUS,INACTIVE
036r650p-79aec2ace45249e2bad62487bcc13393,UPDATE,STATUS,INACTIVE
036r3gre-0c58ae936461acecded2ef867ef6330c,UPDATE,STATUS,INACTIVE
036r3grb-3604bffe3b08da52ab026fd28e6b9f35,UPDATE,STATUS,INACTIVE
036r3gqq-dc913ea0f2ab4a96992bae6a6c18b2af,UPDATE,STATUS,INACTIVE
036r6526-e54740f014df455e88844e64f7915321,UPDATE,STATUS,INACTIVE
036r3gx4-78f36ced7a6b4747af5ae543b2d3b47a,UPDATE,STATUS,INACTIVE
036r3grx-1cc54536c4c95d9a8f5432c8ff2842b3,UPDATE,STATUS,INACTIVE
036r652q-b8d87465128b0b80f3d45ad0ac3811eb,UPDATE,STATUS,INACTIVE
036r3gqs-1ca2ed949fc64cd1991abb4cabb4f501,UPDATE,STATUS,INACTIVE
036r6584-bb452e8839c44f52b8ece576fa13b660,UPDATE,STATUS,INACTIVE
036r3grm-7916111fd21e4df4bad75fff36a829ed,UPDATE,STATUS,INACTIVE
036r6584-bf4097ba7b4f4ac884564796654324d4,UPDATE,STATUS,INACTIVE
036r3gx3-31a1a1f9a348bd1b6a29203f655228e4,UPDATE,STATUS,INACTIVE
036r3gx1-e03633949fa34102728fe129de3c7972,UPDATE,STATUS,INACTIVE
036r3gq2-d88c0d0d33bbcd71c4643707b8c1992a,UPDATE,STATUS,INACTIVE
036r3grv-391a08706571f5ccce9b839ffcd8deba,UPDATE,STATUS,INACTIVE
036r3gx0-782c1febcc6119becf193d7332c31453,UPDATE,STATUS,INACTIVE
036r3gqh-ba0f2f4f4ea8cc792e8222d9f9fac317,UPDATE,STATUS,INACTIVE
036r3gpv-4eb517d1bf8d266a2eedd2400a89ffe3,UPDATE,STATUS,INACTIVE
036r3gx4-f65c71825216e822f2cfcbccae0d1c7f,UPDATE,STATUS,INACTIVE
036r3grx-44fcf5f5e146f0f75e578dd3b650cf87,UPDATE,STATUS,INACTIVE
036r3gru-985683cb9f9c6ec73b948d61b99650eb,UPDATE,STATUS,INACTIVE
036r3gre-207879da22d1eba23cac588ff7cd1df2,UPDATE,STATUS,INACTIVE
036r3grs-e632222022d54532a79b80ddbe473362,UPDATE,STATUS,INACTIVE
036r3gxb-81b84f1a280562e4bb6447ff57cbe4ca,UPDATE,STATUS,INACTIVE
036r3gx0-36cf816e27a644c599fe4db68a1fee19,UPDATE,STATUS,INACTIVE
0368lxx5-8fbf7327adc60a28f742850fb042ac85,UPDATE,STATUS,INACTIVE
036r3gqv-b3efc036f4ae8e134df409ceea6bc119,UPDATE,STATUS,INACTIVE
0361r4ve-f5de1738cd460ac9d57f5f7d321d0ba4,UPDATE,STATUS,INACTIVE
036r3gx2-724a08877b8a7d6ad32102b0f480de5b,UPDATE,STATUS,INACTIVE
036r3gxc-2d422f12014541b5b3f67434e9ee31bf,UPDATE,STATUS,INACTIVE
036r3grs-2f997afd2c7745529fa17f83bda98b0a,UPDATE,STATUS,INACTIVE
036r3grf-0a6b389c0f9864f17acb52e0f08c2c9a,UPDATE,STATUS,INACTIVE
036r3gx0-dec3b77dda78adb9a8a929d97258d786,UPDATE,STATUS,INACTIVE
036r3gqb-1d6e7ad2abaaa56c1e05e74b471248b6,UPDATE,STATUS,INACTIVE
036r3gqz-0346dd7fb456479fab49e92fe1cdc4e2,UPDATE,STATUS,INACTIVE
036r3gqu-deb5e5827410415c953f39250a596848,UPDATE,STATUS,INACTIVE
036r3grx-557e89ea033743798bf5e1dda5d4081b,UPDATE,STATUS,INACTIVE
036r3gx8-051305e3b482406f977725b8e008ff7c,UPDATE,STATUS,INACTIVE
036r3gpz-caacdd3f4ba5407591f429ecbe8004d3,UPDATE,STATUS,INACTIVE
036r3gqq-7ec4391a2736450cb82886d5b8b0f431,UPDATE,STATUS,INACTIVE
036r3gpy-0909d41027692bc5b1b8d33259898bb3,UPDATE,STATUS,INACTIVE
0361r4ve-d50860f241e004718ec5641716a16f95,UPDATE,STATUS,INACTIVE
036r3gqv-e9c9a7f7500e4f568f9a3ede566371cb,UPDATE,STATUS,INACTIVE
036r3gx1-1648341623fb9d24f2c1e8e8f5ea167c,UPDATE,STATUS,INACTIVE
036r3grk-c4c263c384e646a496e415c6d41240e4,UPDATE,STATUS,INACTIVE
036r3gnq-71492fe2161c71b58385c301be2d5f4d,UPDATE,STATUS,INACTIVE
036r3gqz-a537692a2c374c80b98c56d53f15c73d,UPDATE,STATUS,INACTIVE
036r3grm-21d74e1e75314e03939897506ccec5f6,UPDATE,STATUS,INACTIVE
036r3grn-5c2fc4c65ee1414bb2f5692e335f6e8c,UPDATE,STATUS,INACTIVE
036r3grp-a48902e2fed94ad291b93a7ea6773615,UPDATE,STATUS,INACTIVE
036r652j-4d01021654ab4423f3ef737d2279007b,UPDATE,STATUS,INACTIVE
036r3grm-6b0ee98421db6bdcd9fd5bc82d3c97e6,UPDATE,STATUS,INACTIVE
036aabd1-fea0a1de3a560dc845309b215e52fbbe,UPDATE,STATUS,INACTIVE
036r3gx8-4a7f5efbb5ed452ab05a0523be3716d4,UPDATE,STATUS,INACTIVE
036r3gx1-a1c027ec75facf3e20ff3964ed9960bd,UPDATE,STATUS,INACTIVE
036r3gq9-f719943c78474c5e9aac99d0d5eb39f4,UPDATE,STATUS,INACTIVE
036r3gnq-54478712ae8e8aa47bd9b8eb3c06cb0a,UPDATE,STATUS,INACTIVE
036r3gq9-a2ebbb27cc72d218fa1ac63e2ff68b59,UPDATE,STATUS,INACTIVE
036r3gpy-0a5c5a16f06a3374e23ffd804d382828,UPDATE,STATUS,INACTIVE
036r3grs-17bc126f1e79480a8a668fdc7be0a02b,UPDATE,STATUS,INACTIVE
036r3gqm-3809b28557704489870165a7cfd88548,UPDATE,STATUS,INACTIVE
036r3grw-eaf196d961e54b63b73fc6613ebd2fde,UPDATE,STATUS,INACTIVE
036e9f11-1563de4262cddc015545b7391c6cb235,UPDATE,STATUS,INACTIVE
036r3grp-119d0c56f980449abfadd168cd583676,UPDATE,STATUS,INACTIVE
036r3grn-235b8a77cd45f2780da20a21df94cd99,UPDATE,STATUS,INACTIVE
036r3grr-2c7a8000b10d075fd470e33f1842401d,UPDATE,STATUS,INACTIVE
036740b6-cb49be4c68aeb948cec3a119bd339308,UPDATE,STATUS,INACTIVE
036r3gx3-47954debb86747b9a04e2b4380c91605,UPDATE,STATUS,INACTIVE
0360eaa5-9034058ce8bd5e31143876ae6bf2f85e,UPDATE,STATUS,INACTIVE
036r3gxd-dabe92678b30621fb86ae5289afe6c99,UPDATE,STATUS,INACTIVE
036r3gnm-d20b7df13d56232a8a9f51866aa31f11,UPDATE,STATUS,INACTIVE
0368lxx5-50b5d59412b40b1669405d4188781886,UPDATE,STATUS,INACTIVE
0368lxx5-5c64dc647b220ba05484a0563c471833,UPDATE,STATUS,INACTIVE
036r3gx3-1f4d944af90c549a1e139621e02cb48a,UPDATE,STATUS,INACTIVE
036r3grz-24f1a652cf6b671184e79e144ee97a02,UPDATE,STATUS,INACTIVE
036d408k-1d34416969030c718c1466e196168486,UPDATE,STATUS,INACTIVE
036r3gx0-9507f8b918e5f06d40ebb0e4cc464cee,UPDATE,STATUS,INACTIVE
036r3gq9-c0a6c6395bf14927b78dd168b15e9edd,UPDATE,STATUS,INACTIVE
036jx7ps-c4e20d1fc8900a1956cf692cb8fd7f1b,UPDATE,STATUS,INACTIVE
036r3gx9-d96bef23d0824c4cb89605cbd1fec703,UPDATE,STATUS,INACTIVE
036r3gx2-0a243972387cf4ec076d032506547551,UPDATE,STATUS,INACTIVE
036b7f77-00dbcb065eb00496266af464c9b5bdfd,UPDATE,STATUS,INACTIVE
036r3gx2-5058523620d8614670a198b0841b7c63,UPDATE,STATUS,INACTIVE
036r3grm-4b5f3b3cbe1abd14784bd7f2d965ef58,UPDATE,STATUS,INACTIVE
036jx7ps-da1c2f36affe0d9f23244b250d8e7f92,UPDATE,STATUS,INACTIVE
036r3gx1-8d76dc2bd13583ec2134c2c5637dc83a,UPDATE,STATUS,INACTIVE
036r652n-d40c031ec5134f68a3b3f9881655ddd5,UPDATE,STATUS,INACTIVE
036r3gw9-f4e82b3d4c0bbf627d4421078e70cc77,UPDATE,STATUS,INACTIVE
036r3grr-d53776c08c6f4bb1ae83e6bbd6757b86,UPDATE,STATUS,INACTIVE
0363c91a-039f517de3f9ee4c5bc47f39247cee46,UPDATE,STATUS,INACTIVE
036r3gr4-aed99643ce3dabc03f923e79ecb9012f,UPDATE,STATUS,INACTIVE
0368lxx5-d1c8b173055908bade7b22e5c595592c,UPDATE,STATUS,INACTIVE
036r3gx3-eae345b4a586443fb899ef8286f049fa,UPDATE,STATUS,INACTIVE
036r3gq2-2ba5aa0745e3466f8ed98eae398c8b07,UPDATE,STATUS,INACTIVE
036r3gq9-a0f78f14b0806349ce46a5e903eb429d,UPDATE,STATUS,INACTIVE
036r3gnr-a0d510840a4247d288716ed654b1ea5c,UPDATE,STATUS,INACTIVE
036r3gx0-026daa044b5fc95140666c92df0e14fb,UPDATE,STATUS,INACTIVE
036r3gwc-788eff4587f3fac687b63af2e39cf9f1,UPDATE,STATUS,INACTIVE
036jx7ps-94dc14f081220c979e2218fa063f81e4,UPDATE,STATUS,INACTIVE
036r3gr7-ec08ea9f3140271dda52345752375134,UPDATE,STATUS,INACTIVE
036r3grg-238a20b074e0461284c242200c594ad7,UPDATE,STATUS,INACTIVE
036r3gqx-ab89eb2ffd5109950b50e5d560f46afa,UPDATE,STATUS,INACTIVE
036r3gqc-1ea64e050fae478591f9e2bd7af4c5e2,UPDATE,STATUS,INACTIVE
036r3gx0-7873718659c7407698a5977923f01bf8,UPDATE,STATUS,INACTIVE
036r3gpv-26de8d8b6dd74a181aa7b9e8bb2bd121,UPDATE,STATUS,INACTIVE
036r3gx9-81d3a1cddf829832bb0b59387db1eba0,UPDATE,STATUS,INACTIVE
0368lxx5-0069d638f14f0e78d2f2703850607691,UPDATE,STATUS,INACTIVE
036r3gx2-88fa49c7fea93f363ba130dd4e5da11b,UPDATE,STATUS,INACTIVE
036r6586-52e5d2adc28b922b19536fb1529627bd,UPDATE,STATUS,INACTIVE
036r3gqv-e2c22b2ab2dafdaae1d69647af676a47,UPDATE,STATUS,INACTIVE
036r3gqr-31b9180fccda133f5056f511aeecce9a,UPDATE,STATUS,INACTIVE
036r3grh-79022fa574154508a768958b64d8375a,UPDATE,STATUS,INACTIVE
036r3gqz-df33f7ea1d6630eeebee88428b61e305,UPDATE,STATUS,INACTIVE
036r3grn-7d07131ca2944800bcd416708b79f301,UPDATE,STATUS,INACTIVE
036r3gqv-69be3cbb26e5fa65f6430d43aad099ec,UPDATE,STATUS,INACTIVE
036r3grs-33d0c7905ba060ee450c4567b5baae6a,UPDATE,STATUS,INACTIVE
036r652n-09bccb070a934f06a12cb5235c59ada2,UPDATE,STATUS,INACTIVE
036d6fb3-85a43d4d44c845d9bd84b6dd90222250,UPDATE,STATUS,INACTIVE
036r3gx1-3cd78ab8bc844cf3a66af641dc70b9fd,UPDATE,STATUS,INACTIVE
036r3gx8-eeefff46fee0ef9f02e010ed43cca3f9,UPDATE,STATUS,INACTIVE
036r3gre-9f5716e2f9e3bb09fbccb5e862593479,UPDATE,STATUS,INACTIVE
036r3gxf-1d93a1b0b3394d978f6d37701ac48434,UPDATE,STATUS,INACTIVE
036r3gx3-96641592caf6446f8aec4f3c54858b61,UPDATE,STATUS,INACTIVE
036r3grd-74e59d549e2d8e5b1467010390b99c22,UPDATE,STATUS,INACTIVE
036r3gr7-eb2b26b599c6429688ceefe36c70c2c1,UPDATE,STATUS,INACTIVE
036r3gx2-e57b39ff3c8145a286e3e0f9fc20ec47,UPDATE,STATUS,INACTIVE
036r3gx2-b00dc76c1aa486456de4f4cc70870950,UPDATE,STATUS,INACTIVE
036r3gr4-2a975afc8d9e4b5ab7b81c483e661beb,UPDATE,STATUS,INACTIVE
036r3gnp-03c4cd8105b843be9533b1892d1f4fd2,UPDATE,STATUS,INACTIVE
036r3gqv-a430081c1d7c3175d23fa08a7d7ab5bb,UPDATE,STATUS,INACTIVE
036r650q-1597c113d0ffa8baeaedd2b2d25ff248,UPDATE,STATUS,INACTIVE
036r3gx2-99b3535cd6755066ba6079328b152ccb,UPDATE,STATUS,INACTIVE
036r3gx2-6762a2e12d8a072da6bad99f1028abc9,UPDATE,STATUS,INACTIVE
0363550d-7cbecdfbd5954ab15675d30a8324756d,UPDATE,STATUS,INACTIVE
036r3gr7-a4c4a88732a3394025f495041bf74092,UPDATE,STATUS,INACTIVE
036r3gx0-cb51651cd50b4d0a9d48e89313b9acdd,UPDATE,STATUS,INACTIVE
036r3gx0-00773efc37be40e6b11f1a80a3485a47,UPDATE,STATUS,INACTIVE
036r6526-15faac35e5f7b972fd0dbf22b5ce68b5,UPDATE,STATUS,INACTIVE
036bma4v-17871bb327730e1fe5bc07667277643e,UPDATE,STATUS,INACTIVE
036r3gqz-b7c12d13d1b3c3eb38772e83d1ebd107,UPDATE,STATUS,INACTIVE
036r3gqk-6fe485fd10934f1e8addf65aeda8cf44,UPDATE,STATUS,INACTIVE
036r3gqm-748bce9fc8abb2b6abfdc6de706f1871,UPDATE,STATUS,INACTIVE
036r3gqy-45fb0824c993c6415bb551d214e4f4ef,UPDATE,STATUS,INACTIVE
036r652w-ab30753910fed03567f535e147138125,UPDATE,STATUS,INACTIVE
036r3gx3-a0ff940014ea5a603792b9eca625c38b,UPDATE,STATUS,INACTIVE
036r652p-e044695802d24428a12a04e575327fc7,UPDATE,STATUS,INACTIVE
036r6580-5334f79414e19d87f0d839e301c3c420,UPDATE,STATUS,INACTIVE
036r3gx2-a418179885884050b39204d296eff1ac,UPDATE,STATUS,INACTIVE
036r3gqy-4df7dc2c6a3846beaa3db0d8b34a0aec,UPDATE,STATUS,INACTIVE
036r3gxb-e3c72ec0a8944518b01b26b90da92601,UPDATE,STATUS,INACTIVE
036r3gqf-066527fd7c1ececd28cb30d000aa9e5c,UPDATE,STATUS,INACTIVE
036r3gx9-6f992e4dab72da3c0a89e868cf64d434,UPDATE,STATUS,INACTIVE
036r3gx2-91865c78755f0a870dab2e11c8d70c69,UPDATE,STATUS,INACTIVE
036r3gpv-df970b3cbd084723b62f1e3b04217d8a,UPDATE,STATUS,INACTIVE
036r3grs-8d0ffffb171d52a9176a680f0a68bbbf,UPDATE,STATUS,INACTIVE
036r3gqr-94a1996fa169ea327ae1002a36e1cbe1,UPDATE,STATUS,INACTIVE
036r3gx0-e450028d1f1e4a1cb9a0df7a5f93f1f7,UPDATE,STATUS,INACTIVE
036r3gx9-1466de28559e4dff9276a84f6b0b4f1d,UPDATE,STATUS,INACTIVE
036r3gx3-88e0edffc84b29f32d08f2f855452e07,UPDATE,STATUS,INACTIVE
036r3gxb-11ab25c323b61a1b00e7ee4cb57ef7d7,UPDATE,STATUS,INACTIVE
036r3gx3-4d4ecd504a7feb29795d0528fe107695,UPDATE,STATUS,INACTIVE
036r3gr1-3831b3c76f1740938c7143ddecc71d20,UPDATE,STATUS,INACTIVE
036r3gx0-a74172a0c5b24ee78658fbe136871b09,UPDATE,STATUS,INACTIVE
036r3grc-febf2a7ddf3844958ab13476269453ca,UPDATE,STATUS,INACTIVE
036r3gx0-d515f219ed284b61aae2bf19528c4c04,UPDATE,STATUS,INACTIVE
036r3gx0-5c2b7353a6ee665ae2e1b2e8a9605031,UPDATE,STATUS,INACTIVE
036r3gpy-7bb8b22dbf1c32a40cd86a6f40df4119,UPDATE,STATUS,INACTIVE
036r658e-d3ce9dcaeff549518ef4c671b0f8b917,UPDATE,STATUS,INACTIVE
036r6583-5e95669f1145a1fa68bad5bb15f7249b,UPDATE,STATUS,INACTIVE
036r3gx2-16356f169f3f4d48a7fca49fa42219ab,UPDATE,STATUS,INACTIVE
0368lxx5-87a17dfbc44209adf1f153ff76e44f84,UPDATE,STATUS,INACTIVE
036r3gr6-e4bd76eb7e3cc0d4c24e47c586145dd0,UPDATE,STATUS,INACTIVE
036r3gx0-9675d1a2bf7f40e4b0a730e77aa180ed,UPDATE,STATUS,INACTIVE
036a13ed-eb57001e8c7dd59da1ae72c7b1005194,UPDATE,STATUS,INACTIVE
036r3grq-48974d6566774882a2a84bb63d9d4c43,UPDATE,STATUS,INACTIVE
0368lxx5-53669fb4637f0ead4e1b13bae1fb0661,UPDATE,STATUS,INACTIVE
036r3gq8-586bf98e09a851a4fb952f2b285fa2d3,UPDATE,STATUS,INACTIVE
036r3grc-e216a5a9fa0a483eaf4f198197995ab0,UPDATE,STATUS,INACTIVE
036r3grp-fcae247c9f51379fdacb29cdc5e82119,UPDATE,STATUS,INACTIVE
036r3gr9-f130c37addb29ffeb031077e510664c9,UPDATE,STATUS,INACTIVE
036r3grf-20931ef4a69e2dbef8e39e4bb95f4a9a,UPDATE,STATUS,INACTIVE
036r658g-8bb1dd58684b150b8a16ae12c2668bd2,UPDATE,STATUS,INACTIVE
036r3gqu-31dfc9a3df1267240885910010904388,UPDATE,STATUS,INACTIVE
036r3gnr-79a5731ea580d03197fb803486f6732b,UPDATE,STATUS,INACTIVE
036r3grp-1545f9f6dc2b39a6a0104761e510047c,UPDATE,STATUS,INACTIVE
036jx7ps-4622e3f22e29079fd40a04e50889f36b,UPDATE,STATUS,INACTIVE
036r3gx2-61450a3378c54d0f97356ee01ce9cea0,UPDATE,STATUS,INACTIVE
036r3gx3-1ef4fa3ddec24b56b9dd84a1f5bb5b2a,UPDATE,STATUS,INACTIVE
036r3gqp-432ea5229652bc0cf3040b2cdf587989,UPDATE,STATUS,INACTIVE
036r3gx1-978ea055d7af4bd94a67ad49fd5da5aa,UPDATE,STATUS,INACTIVE
036r6581-46071b54477642b5a409a8737a0d785d,UPDATE,STATUS,INACTIVE
036r3grr-7767746bfc7941a0ae311fd5c6d50367,UPDATE,STATUS,INACTIVE
036aabd1-40f81ec569950ef6e3e774191d87246a,UPDATE,STATUS,INACTIVE
036r3gr3-c79606755276412da11f9688e72f179b,UPDATE,STATUS,INACTIVE
036r6586-100268c46af443459eea90300a40b874,UPDATE,STATUS,INACTIVE
036r3grp-155870258fdd4d2397c7965c4c1b6da1,UPDATE,STATUS,INACTIVE
036r6525-61c339a429fd9ca8f3f269ed772c1e3b,UPDATE,STATUS,INACTIVE
036r3gpu-395e44ffed0b4d9b8160c8542bb06d03,UPDATE,STATUS,INACTIVE
036r3gx0-1ea1397f46525120f185c459f635fbf8,UPDATE,STATUS,INACTIVE
03678a6e-12d02c25a86249bf95fa81c5ffbb0a0e,UPDATE,STATUS,INACTIVE
036b1441-5571e07e03daca823571b0fca4f94492,UPDATE,STATUS,INACTIVE
036r3grp-fd82379a092f4fe3bfdf83ce7fb7fede,UPDATE,STATUS,INACTIVE
036jx7ps-ae5352fa7a33030b23fccb9273ba7648,UPDATE,STATUS,INACTIVE
036r3gx0-bbe27b5d1e994076b8886fc85b58df6e,UPDATE,STATUS,INACTIVE
036r3gxd-678cf1fcdecceee8dc7313f5a07a1137,UPDATE,STATUS,INACTIVE
0368lxx5-0a46254dac570ede33ed5a33cfa2de2c,UPDATE,STATUS,INACTIVE
0369c1b4-d6e9c9e6aaeb2a6b828c715406e7ffd3,UPDATE,STATUS,INACTIVE
036r3gx0-6725a078499631218541bca7a53ac2c8,UPDATE,STATUS,INACTIVE
036r3gx1-42af00646069ac1df8c2ec15235d0d95,UPDATE,STATUS,INACTIVE
036r3gxd-4225c6ee1afbfd27f9bb136d034371cf,UPDATE,STATUS,INACTIVE
036r3gx1-025fcd0587cd588172c740f0b2e84718,UPDATE,STATUS,INACTIVE
036r3gx3-236e2c852eade3b1165e3ae9ec065255,UPDATE,STATUS,INACTIVE
036r3gqq-e8889f86a474786340756e9385480609,UPDATE,STATUS,INACTIVE
036r3gxf-91faf26b822d0b8d33bcacd87418e094,UPDATE,STATUS,INACTIVE
036r3gx2-be6fc0adf7d6471b85c0caa6c8c030fd,UPDATE,STATUS,INACTIVE
036r3gx1-d2e41951c4674914a0136562ce25f47c,UPDATE,STATUS,INACTIVE
036r3gxd-1c580217ec56901716881de6eb4478b3,UPDATE,STATUS,INACTIVE
03681e71-ef0bd6b1275231d01b8ff0ee90fac04f,UPDATE,STATUS,INACTIVE
036r3gx2-c08aa543b801eb1a8914062761ec7ad2,UPDATE,STATUS,INACTIVE
036r3gpv-12da8612da8843e89380493c137aea6d,UPDATE,STATUS,INACTIVE
036r3grs-681195de64d540e7bb395d19212782ac,UPDATE,STATUS,INACTIVE
036c7212-bcb6aadb9b29e026bc9e3da174419439,UPDATE,STATUS,INACTIVE
036r3grv-383a250e2d53c95db1ef938845044d89,UPDATE,STATUS,INACTIVE
036r6586-d2be0a80afa157a851d3b3ad38a09387,UPDATE,STATUS,INACTIVE
036r3gqv-f577435f13c309b6aa33c7878fceb41c,UPDATE,STATUS,INACTIVE
036r3gx2-07f193ee79f89b66008ffedb7e87b312,UPDATE,STATUS,INACTIVE
036r3grw-09f8ee3f116fe6dbc9605d83e227777e,UPDATE,STATUS,INACTIVE
036r3grw-7e4a2d5376ae4098bd7ca33a379181aa,UPDATE,STATUS,INACTIVE
0361r4ve-cd502a4a76d70fb30d26daf3ea3bae0c,UPDATE,STATUS,INACTIVE
036r3gry-48e43d171ed8def6e1f0c8d9922d45dc,UPDATE,STATUS,INACTIVE
036r6584-08d9631bd18f227edb155bdf577c77fd,UPDATE,STATUS,INACTIVE
036r3gqr-5d9f0868f01fc6a079e95cb1a4e7a6c3,UPDATE,STATUS,INACTIVE
036r3gx3-2a56a1fe1584ad04516d94b5b53c9f04,UPDATE,STATUS,INACTIVE
0361r4ve-6c64a993426803b938984b469e12fac2,UPDATE,STATUS,INACTIVE
036r650p-204f4902a781b5a63282a9da739a1280,UPDATE,STATUS,INACTIVE
036r3gqq-b108e9ae736443df83eabd849189dbbf,UPDATE,STATUS,INACTIVE
036r6524-662a2edb028c9f192bc9f97ca0afbbf6,UPDATE,STATUS,INACTIVE
036r3grt-fc64e6652efae0f9c49094f2cc21ef94,UPDATE,STATUS,INACTIVE
036r3gx1-13543ad67e364f6caa5e4ca3c586ccc0,UPDATE,STATUS,INACTIVE
036r652j-b3d4c18126d442c1973b5e2dd79ee2b0,UPDATE,STATUS,INACTIVE
0368lxx5-eea7a4edcbb007d1e8a9ff26de552387,UPDATE,STATUS,INACTIVE
036r3grp-43826febefdae2d034f3dfe7946e76e9,UPDATE,STATUS,INACTIVE
036r652n-9df4f3c9a6854d8196989f62e1515c26,UPDATE,STATUS,INACTIVE
036r3gx1-17c29745af554a3cb2a7055a21b69d57,UPDATE,STATUS,INACTIVE
036r3gqy-8e46eab0406de58872d8f9bb8af0e000,UPDATE,STATUS,INACTIVE
036aabd1-f34f8878cb150e230ad9961ce58598b5,UPDATE,STATUS,INACTIVE
036r3grw-dafa916e44ac4d989e9f1b8f7f16a717,UPDATE,STATUS,INACTIVE
036aabd1-1d5bf8567ef707e851e2f6e9435d7acb,UPDATE,STATUS,INACTIVE
036r3gx0-de41196646c252e6d50f711469ac8a9d,UPDATE,STATUS,INACTIVE
036r3gx0-72dd3b7d97a74084a8e037d4388bb218,UPDATE,STATUS,INACTIVE
036r3grp-633bdcf9b2dd4da1b97e95e0288d7419,UPDATE,STATUS,INACTIVE
036r3gx2-d118e2c61da840de95513de3579a2ae8,UPDATE,STATUS,INACTIVE
036r3gx8-a4c2db9afb435d8e2073e8326c3620d9,UPDATE,STATUS,INACTIVE
036r6526-ef24489691ed5fef7289c7b96c364d4f,UPDATE,STATUS,INACTIVE
036r3gx2-b2cf1fcbc24b42338c8141637c11798f,UPDATE,STATUS,INACTIVE
036r3gx2-d6f11994db2d803167282ec792cb7b97,UPDATE,STATUS,INACTIVE
0368lxx5-47759443a01a03db221c07cada5bac34,UPDATE,STATUS,INACTIVE
036r3gr5-bf65203e17834c90adafaed038ecc343,UPDATE,STATUS,INACTIVE
036r3grp-41a05f3cbfa07ce2ad0f8a388fa0e630,UPDATE,STATUS,INACTIVE
036r3grv-d3a03e0475d14749829a7c1a7c1ed99b,UPDATE,STATUS,INACTIVE
036r652q-5229d5c74c6844af85577ba2061d9132,UPDATE,STATUS,INACTIVE
036r3gr7-f77287934cec4d379bf2ca8656dfe4c2,UPDATE,STATUS,INACTIVE
036r3gx2-8255aa6e3a2b117e89065f98b60c35f6,UPDATE,STATUS,INACTIVE
036r3gqq-1bbc164a1f3d47648ee64acef9a2fce1,UPDATE,STATUS,INACTIVE
036r3grc-eac87541a8bb4f259dd8a378e9f54ea5,UPDATE,STATUS,INACTIVE
0361r4ve-b24a9fbb354e024d8ef4d1f3c40db6d1,UPDATE,STATUS,INACTIVE
036r652q-a909be3ed5678976b13a261e3a27e73f,UPDATE,STATUS,INACTIVE
036r3grj-ad79dfc72efa4f289f879598f732ca1b,UPDATE,STATUS,INACTIVE
036r3grq-e55a3c27cdc84374855df382573de79d,UPDATE,STATUS,INACTIVE
036r3gpy-ee3716b17fd045a6b8d3584aaaead6f8,UPDATE,STATUS,INACTIVE
036r3gr5-dc9f23c74eaa04bf49870cbf26feafff,UPDATE,STATUS,INACTIVE
036r3gx2-0dd88a036cb52a76c7d321227bc91cc8,UPDATE,STATUS,INACTIVE
036r3grq-371554c0e52090cf22889e712a3beb6a,UPDATE,STATUS,INACTIVE
036r3gx8-b135341ab9644affa7499fcdc7e50fb8,UPDATE,STATUS,INACTIVE
036r3grh-21880b51abf34a15b3db49480b3f0d43,UPDATE,STATUS,INACTIVE
036r3gqm-f0edd03d93729296f4511139c6bb50c7,UPDATE,STATUS,INACTIVE
036r3gru-3f493691c93bab5e9f4b5a42221bf15b,UPDATE,STATUS,INACTIVE
036r3grj-84c85b7855b3bcc6f554cd9e83162fb9,UPDATE,STATUS,INACTIVE
036r3grv-57e096250c8e5e02336057742d58b86d,UPDATE,STATUS,INACTIVE
036r3gx2-e4a94e62e7a48555a11b6b1c6c0a0ae9,UPDATE,STATUS,INACTIVE
036r3gx0-e63dd82fe287b4ad6e7ac8693a3036c2,UPDATE,STATUS,INACTIVE
036r650h-1090e8297a46416daec89e937897d9c7,UPDATE,STATUS,INACTIVE
036r3grw-553f9b2286cedeeea9ae139518bd0bff,UPDATE,STATUS,INACTIVE
036r3grk-8db90629948628f653954be3dde76ff6,UPDATE,STATUS,INACTIVE
036r652n-fa8cfa589fd11d422a9a8fed50b8fe70,UPDATE,STATUS,INACTIVE
036r3gx4-443718b36d62ca499226ec5d19f93912,UPDATE,STATUS,INACTIVE
036r3grd-e9523dc015e2bfc397289be4e46b8f99,UPDATE,STATUS,INACTIVE
036r3grq-abe46cf2d13dada30e2bba5454edeaa4,UPDATE,STATUS,INACTIVE
036r3gru-9d9588952ffb4e49b3fdab937b4765c5,UPDATE,STATUS,INACTIVE
036r3gx1-a65e817072484c1b92a2677efd6298d7,UPDATE,STATUS,INACTIVE
036bma4v-3c8e9a9d0d0e01a58148ab2cc28d8369,UPDATE,STATUS,INACTIVE
036jx7ps-7def077d5456046d6a9db56fc7b39da9,UPDATE,STATUS,INACTIVE
036r3grq-c024d903989dc7cbe35fa203693bd201,UPDATE,STATUS,INACTIVE
036r3grs-1f2fbab671175b34ced1b0783b108396,UPDATE,STATUS,INACTIVE
036r3gxd-bb54e4da61594cb485fbee143e18e9f0,UPDATE,STATUS,INACTIVE
036r3gx1-24b9c725987244feb889eefcd968ff10,UPDATE,STATUS,INACTIVE
0362ef68-54c6d29f9a399aca3837fb3e6e9ae16d,UPDATE,STATUS,INACTIVE
036r3gr7-e2d33d0df790415595335d3df89577f1,UPDATE,STATUS,INACTIVE
036r3gx0-4ce6883db7def4440a4cf0cc2e473729,UPDATE,STATUS,INACTIVE
036r3gx0-49197ee7e78ab698a8ff55c7d223325d,UPDATE,STATUS,INACTIVE
036r3gx4-670e983be51d49d4d22304877ff112a7,UPDATE,STATUS,INACTIVE
036r3gr1-11d8586417ce4e3e1d4ecda6fa4d189b,UPDATE,STATUS,INACTIVE
036r3gx4-aeffb732b24b8c5b702d3285c5560111,UPDATE,STATUS,INACTIVE
036r3gx3-c4f635d9ad2f66fc7133c4820bcd33e3,UPDATE,STATUS,INACTIVE
036r3gxd-f986758ccc961786ed7339894f0ca199,UPDATE,STATUS,INACTIVE
036r3gxb-23d259b785a23f68aa88456defe661bd,UPDATE,STATUS,INACTIVE
036r3gxd-46f35455df034e0ea2b18ae030a7fc14,UPDATE,STATUS,INACTIVE
0368lxx5-bd50b664de3c0cd897f94a99faacd826,UPDATE,STATUS,INACTIVE
036aabd1-da51b1799f9a086242ed7b9a1a8246b2,UPDATE,STATUS,INACTIVE
036bc403-1f4d09185a84d648816f0196beb382c0,UPDATE,STATUS,INACTIVE
036r3gx0-d5e30bdef967447ca1de51d88e31008d,UPDATE,STATUS,INACTIVE
036r3gx3-ccdf8aabe2c6765daf681e77eaa1243a,UPDATE,STATUS,INACTIVE
0368lxx5-08fd24ecf09e0e016824532d621ddfa3,UPDATE,STATUS,INACTIVE
036r3gx0-de7099a493f4480fb8b3e50568717782,UPDATE,STATUS,INACTIVE
036r3gx0-533e5eed506b3b2c3b8885072d11d0c7,UPDATE,STATUS,INACTIVE
036r3gxd-bcb1ca152137463b9eb70e4521278da5,UPDATE,STATUS,INACTIVE
036r3gx1-8c2c3227cdc56cf2c2abbce57462ea91,UPDATE,STATUS,INACTIVE
036r3grp-25e48f6d12654b6bad61ede7f3950f1e,UPDATE,STATUS,INACTIVE
036r3gry-24771f538a7f4d2c843b9f270aa49894,UPDATE,STATUS,INACTIVE
036r3gx0-ffbf03767b65d3262f023f0fc407485d,UPDATE,STATUS,INACTIVE
036r3gx0-c78dddd8a6ef4cf3adfbeda495a237f4,UPDATE,STATUS,INACTIVE
036r3gx9-f1c9731ee6494ed6bbea425068260edf,UPDATE,STATUS,INACTIVE
036r3grp-bb43ef494c5a1c8c1afb1f107416301f,UPDATE,STATUS,INACTIVE
036r3grx-93f47a5ae7a8e3b1f6dc2b2f43293502,UPDATE,STATUS,INACTIVE
036r3gx0-872d8ac1f282582e7aca8b1e5a7a84df,UPDATE,STATUS,INACTIVE
036r3gx2-3a03c10c3db3ca0291aabb87dd236b72,UPDATE,STATUS,INACTIVE
036r3gxc-7b40b811593e0c5af806a2ad7db8af9e,UPDATE,STATUS,INACTIVE
036r3gx2-36ef96722b94c5390af0a46c583f421a,UPDATE,STATUS,INACTIVE
036r3gx0-4ba6ac2c78b61d2a6c94551a9e2a5268,UPDATE,STATUS,INACTIVE
036r3gx2-b7a5d6bd3c169e9b9726e52bf85fc189,UPDATE,STATUS,INACTIVE
036r3gx1-a81c1573745f2713959e005263da0433,UPDATE,STATUS,INACTIVE
036r3gnq-2ef295fe24941375e44bf934f25411f1,UPDATE,STATUS,INACTIVE
036bad5c-c91ac583fa219b99fa5bf100154bae12,UPDATE,STATUS,INACTIVE
036r3grq-b4a805ee258846efd1f5f3388a599d30,UPDATE,STATUS,INACTIVE
036r3gx2-3965e98698e46b64a09ec6571dec5421,UPDATE,STATUS,INACTIVE
036r3grr-e84d4c2f4980ab729b0aff68dd284af8,UPDATE,STATUS,INACTIVE
036r3gx2-7ff7c5fc6b0e1fa9909804affd5d0113,UPDATE,STATUS,INACTIVE
036r3gqr-c235a150813f70f85d6dc0d0d42e3a0d,UPDATE,STATUS,INACTIVE
036r3grf-e630608289c0036ea13f58b9ebff340f,UPDATE,STATUS,INACTIVE
036r3gqr-d8c0aa8f371a656ad239b677c437c882,UPDATE,STATUS,INACTIVE
036r3gqp-b16de2dd2752806fb5ec2d0a5f3df69b,UPDATE,STATUS,INACTIVE
036r3gnp-6407935552fdb55b4330da636d677bea,UPDATE,STATUS,INACTIVE
036r3gx3-7127ca23e8cb83d5e0c152058ef50574,UPDATE,STATUS,INACTIVE
036r3grq-23c772b1a1b24cca8120c97a6d63d556,UPDATE,STATUS,INACTIVE
036r3gqr-7ceea84931d70ad7d4f01fb80d5dbb2b,UPDATE,STATUS,INACTIVE
036r3gqc-f8135421b05f4297b81a701e1b8cab9b,UPDATE,STATUS,INACTIVE
036r3gx0-07a54ed64e01459aae46819f16c8275a,UPDATE,STATUS,INACTIVE
0361df43-92afded74a0d19aebcb2de5858c298f2,UPDATE,STATUS,INACTIVE
036r3gx3-200e3ef2d0d08e0092cf5bedc8a70b9b,UPDATE,STATUS,INACTIVE
03611896-f89200d8e13326a618493f126364c1f7,UPDATE,STATUS,INACTIVE
036jx7ps-35ea2c7b1d030b30cc67455708c6aae4,UPDATE,STATUS,INACTIVE
0361r4ve-ac92c01bb2230225b4c56206f9f4d8ce,UPDATE,STATUS,INACTIVE
036r3grq-89b93b6180f04de0b0c0f11316415d43,UPDATE,STATUS,INACTIVE
03638bff-6a0cf0e35a4c6e14b4798d3e2469caf3,UPDATE,STATUS,INACTIVE
036r3grv-64ec27cea9564d318c03351f348c0255,UPDATE,STATUS,INACTIVE
036jx7ps-9efa68526f9509859f3583e4b8de1cfc,UPDATE,STATUS,INACTIVE
036jx7ps-73f93186df870283fe57c88b515d6a19,UPDATE,STATUS,INACTIVE
036e140d-8ea02163415ea80aa00363a1c1e53c31,UPDATE,STATUS,INACTIVE
036r3gwc-6da5051517654ace90e1deadfc2ba6bf,UPDATE,STATUS,INACTIVE
036r3grc-414cbfa7a1bf4ceda59db35c3ce3d34a,UPDATE,STATUS,INACTIVE
036r3gpv-fbfc96184039bc73b7c2f9a0f5362482,UPDATE,STATUS,INACTIVE
036r652n-9a75c4b052fc4f488cc5198e92600617,UPDATE,STATUS,INACTIVE
036r3gpv-8a97976d300f0b96e9d6aac944aa20e6,UPDATE,STATUS,INACTIVE
036cefd9-cd711124bdee9a0128da28890446d544,UPDATE,STATUS,INACTIVE
036r3grb-425b3f8d4d2aef11eff75dd2106f2c03,UPDATE,STATUS,INACTIVE
036r3grs-0791645424f9bee67681a54da02a528f,UPDATE,STATUS,INACTIVE
036r3gx0-0d7ea2e1ed55435d8b5ccb1c2a920e53,UPDATE,STATUS,INACTIVE
036r3gpv-e7425e66333541c5a98c055b117613e6,UPDATE,STATUS,INACTIVE
036r3gx8-3e224faeba8c49dda9132786ca4693e1,UPDATE,STATUS,INACTIVE
036r652h-cb315b6a70b889713f9f41f0d4b69d24,UPDATE,STATUS,INACTIVE
036r3gqt-15fcb2c2acea4c6eb14eeedd2a9cf94b,UPDATE,STATUS,INACTIVE
036r3gwb-0ce0908522e4b1c53d339c22b938a1ee,UPDATE,STATUS,INACTIVE
036r3gx2-c1bfeb5816044458b38fa1592117150e,UPDATE,STATUS,INACTIVE
0368lxx5-ab0491e535d80cc68f280dd13d4b6d0d,UPDATE,STATUS,INACTIVE
036r3gqu-2c4416ceddd8443db21d86ef7f4d2d09,UPDATE,STATUS,INACTIVE
036r3gx0-603f84146b31414cb94e973e55f34b7d,UPDATE,STATUS,INACTIVE
036r3gx3-ac8e633cfd584848ad832e6ac9ea286b,UPDATE,STATUS,INACTIVE
036r3grv-612f1020c718fdb4a1a1bef0d58ffc35,UPDATE,STATUS,INACTIVE
036aabd1-514da0bd4afb07fa964a2f325193b03b,UPDATE,STATUS,INACTIVE
036r3gxd-f74d4b6f36d84ed79b628dd518f60166,UPDATE,STATUS,INACTIVE
036r3grw-383244573a22f808f69400769863453f,UPDATE,STATUS,INACTIVE
036r3grh-530300446b364dafa789bc804d202130,UPDATE,STATUS,INACTIVE
036r3gx1-525bd1adea2043e48de27d9c91210e5c,UPDATE,STATUS,INACTIVE
036r3gry-ee05f238746c440f9daf0988750a0d6f,UPDATE,STATUS,INACTIVE
036r3gx8-f08f3b9038864f64a4721ef66f5cec0e,UPDATE,STATUS,INACTIVE
036r3grp-70d55e2542e7444a8bbd60582fb9d116,UPDATE,STATUS,INACTIVE
036r3grp-01853daaa4c744a19bc65ee48883c8e1,UPDATE,STATUS,INACTIVE
036r3gx1-6bb42e57329e4a98b5c6f0da3a7d6b7c,UPDATE,STATUS,INACTIVE
036aabd1-4ffe8cde150c0753a4fc37e78758b068,UPDATE,STATUS,INACTIVE
0368lxx5-b5b7d2b3abde061363956663cd9662cb,UPDATE,STATUS,INACTIVE
036r3gx3-1380ec5dea97758610faa72e54c1da01,UPDATE,STATUS,INACTIVE
036r3gx0-85f01eaf67d24aeda12e620f02776e38,UPDATE,STATUS,INACTIVE
036r3gx1-66e030440297404ba75495de00cd1c01,UPDATE,STATUS,INACTIVE
036r3grd-4bc6dda5d091422c9fa447ce34953d8e,UPDATE,STATUS,INACTIVE
036r3gx9-5ad33189772b478e96d8786ef57e774d,UPDATE,STATUS,INACTIVE
036r3grt-0d3074f5e7dae9ce07236dafeda47a1f,UPDATE,STATUS,INACTIVE
0368lxx5-30bc4dc065930ee729d3638b0ad8b545,UPDATE,STATUS,INACTIVE
036r3gnp-ed298c3923d541c3a9d5894fce27c5e0,UPDATE,STATUS,INACTIVE
036r3gx2-13759a38ee924280a6a620529eb15366,UPDATE,STATUS,INACTIVE
036r3gr1-1d852edae5948a91930c4055b0b3df48,UPDATE,STATUS,INACTIVE
036r3gx2-8ea6a6d777764497b6d8eddc3dc23f47,UPDATE,STATUS,INACTIVE
036r3gqq-b9e6a09cb38f9187d2c94b2d0f1a7375,UPDATE,STATUS,INACTIVE
036r3gx0-cd394135d598fc83f543dd5ea21692bc,UPDATE,STATUS,INACTIVE
036r3gqg-2834fdfd15c343e6bca5b0fe405cf176,UPDATE,STATUS,INACTIVE
036r3gx9-f63c15af3e5e4ae5a9a1e0b03bf86632,UPDATE,STATUS,INACTIVE
036r3gx1-5db1d8af1dac52428b685d49feaacf25,UPDATE,STATUS,INACTIVE
036r3grs-7349419e45b9397d93a03ffe4d7bd556,UPDATE,STATUS,INACTIVE
036r658e-ae3af1fda71549dfa913d4c86cdb9df9,UPDATE,STATUS,INACTIVE
036ddf11-ec591c6d8cb9391b3a455625bbbd6d15,UPDATE,STATUS,INACTIVE
0368lxx5-11e9db3cd83e0c6ff965f20d5a2bd845,UPDATE,STATUS,INACTIVE
036r3grm-c4b9cc8f924c4bdfafe886e2b2cb4c0d,UPDATE,STATUS,INACTIVE
036r3grp-9c3e7e5aee3044f4b969d8d76120d5df,UPDATE,STATUS,INACTIVE
0368lxx5-074f570927830b2185f1455fd2b0a39e,UPDATE,STATUS,INACTIVE
036837a9-ab6935fe0660b2f54decb194557edba7,UPDATE,STATUS,INACTIVE
036d5e81-9928ded668b27eaa15ff69642dec0843,UPDATE,STATUS,INACTIVE
036r3gqf-713ef190acd75f25e86eb6f6a55e8ee6,UPDATE,STATUS,INACTIVE
036r3grp-8590aed039b743358123c66272d30a81,UPDATE,STATUS,INACTIVE
036a4a8b-12e4ab44d0b0cf2eef63860ef906a4a3,UPDATE,STATUS,INACTIVE
036fc091-600aadb771e81cd1f064f91f638e5c2d,UPDATE,STATUS,INACTIVE
0369e1a5-a7595d0bb26297da3d4e4eb400cbac50,UPDATE,STATUS,INACTIVE
036bcbfe-eb072b03c0c83f3f17036d070d9e7900,UPDATE,STATUS,INACTIVE
036r3gqq-6459e29e89ba4a05a5d9467c4a1c2689,UPDATE,STATUS,INACTIVE
0365707d-ddb298032f14219d6c346ea8792ca116,UPDATE,STATUS,INACTIVE
036c62d7-2540b219e38c5e9bfb584f839f48bf49,UPDATE,STATUS,INACTIVE
036r3gwc-88f3ded749b34e669a5f05e509ef15c0,UPDATE,STATUS,INACTIVE
036r3gqv-c2d8ad25996a471a9e5b9e8d872ec39e,UPDATE,STATUS,INACTIVE
036r652k-bac44ee9640b46d5ae62353e360552e2,UPDATE,STATUS,INACTIVE
0360f686-170fe2ae7b2dfd5c3b7fab254d054617,UPDATE,STATUS,INACTIVE
036r3gx0-8ba6388630af4321b93a969fcb8b0401,UPDATE,STATUS,INACTIVE
0363fcfa-d7d1be8931a57c9b837e3ab82d912452,UPDATE,STATUS,INACTIVE
03643583-351101794ad1417ab01cdee13675c54f,UPDATE,STATUS,INACTIVE
036r3gr7-13e776472a2747ad8c151aac61e690d7,UPDATE,STATUS,INACTIVE
0368lxx5-a640f34a85fe0477f206aca836ec3cf0,UPDATE,STATUS,INACTIVE
0360cdf3-8cc43a5c6d30fd0e364574c99aed3d9f,UPDATE,STATUS,INACTIVE
036r3gx0-86d4a0ae98d2ec797643b48a8ab33442,UPDATE,STATUS,INACTIVE
036r3gx3-023da61a69ef4d1380d089fb2668452c,UPDATE,STATUS,INACTIVE
036610ba-71f8bf8176afca29306a44ea5f61214f,UPDATE,STATUS,INACTIVE
0368e912-f1f3009ae7ade5a4af483c8f78c074de,UPDATE,STATUS,INACTIVE
036afca4-cf51580c9a389ce34f89bd8c622de71b,UPDATE,STATUS,INACTIVE
036c7eb0-880740769862949c19237eb5c6379880,UPDATE,STATUS,INACTIVE
0368lxx5-006f7f5dc23a06d740f7179945a1cc67,UPDATE,STATUS,INACTIVE
036r3gx1-f3db245f68804fc2a2c692f16b27ee50,UPDATE,STATUS,INACTIVE
03610c04-884cb0060826c717b0070cfa092f9e13,UPDATE,STATUS,INACTIVE
036r3gpz-81255bc2cabd07936af663be6b3125ea,UPDATE,STATUS,INACTIVE
036r3grq-dfd3a467da3f1b654ab5e0b68db0355f,UPDATE,STATUS,INACTIVE
036r3grp-3e06a6fa75964ea5a7faf47131092d0e,UPDATE,STATUS,INACTIVE
036e6e17-04d67d9f7d3e447f69e5ef2e027f3f55,UPDATE,STATUS,INACTIVE
036r3gq0-93749050f267446b8d364fa1922cacfa,UPDATE,STATUS,INACTIVE
036b661d-bdeb66fefe4f0a1e0fb4afd4f7d4ad16,UPDATE,STATUS,INACTIVE
036r3gx9-933fdfe70191844495d764b63dc28746,UPDATE,STATUS,INACTIVE
03624a0c-034d3675445dd8bbcd67056bb2bbf4de,UPDATE,STATUS,INACTIVE
036r3gwb-20a38af87407f15ecb02362b766ebe21,UPDATE,STATUS,INACTIVE
036r3gnp-8248cbef7bd1bd4cab25a40ba5ad7a0e,UPDATE,STATUS,INACTIVE
036r3gxf-0095ba2be2fe4e6f9537bf7d405f6565,UPDATE,STATUS,INACTIVE
036r650j-f3b90456f8ac45368adc121ebf1647c4,UPDATE,STATUS,INACTIVE
036524a3-38a06aa0d4d8cc7cc81fb5114c707230,UPDATE,STATUS,INACTIVE
036a3a48-c1fc5a576b752c74d06da6ecb3dff843,UPDATE,STATUS,INACTIVE
036r652h-d43f9dc38a574351bc28512903d657fb,UPDATE,STATUS,INACTIVE
036004a0-a5be583c3248b9860768d2a4fb3e9e51,UPDATE,STATUS,INACTIVE
036r3gx8-b76b5be6b318415db286dbce1fdaf8dd,UPDATE,STATUS,INACTIVE
036r3grq-d1c600e91ddb45518e2bc15141945a4b,UPDATE,STATUS,INACTIVE
036r3gqu-d8ef27d496c9f63d60af79d7de6a3ac0,UPDATE,STATUS,INACTIVE
03643c71-aac27adcf64c1262727b22601e4c9041,UPDATE,STATUS,INACTIVE
036r3grh-937414b1125541dab81e14a3062a9ac3,UPDATE,STATUS,INACTIVE
036r3gx8-3e567226d1f6d6eb1a6fc47aaa2ae7be,UPDATE,STATUS,INACTIVE
0366be2c-dd1bfa6049e7e58d116dfc95db478c91,UPDATE,STATUS,INACTIVE
036f2e9f-7e84aaca423ee59925b8b78f6965c670,UPDATE,STATUS,INACTIVE
0368lxx5-b34d113ace0802c68055efd827b561b1,UPDATE,STATUS,INACTIVE
036r3gx8-d48b87c286f943a4a7ebf05ad61d712f,UPDATE,STATUS,INACTIVE
036r3gre-2bfe7948f6b1403647310cb49e420721,UPDATE,STATUS,INACTIVE
0364c8be-6bbca79c85aee318014b791c5290949e,UPDATE,STATUS,INACTIVE
036r6526-fc270a1f93594ab2bb4b997cae2c7a83,UPDATE,STATUS,INACTIVE
036r3grm-a077ff51b3613c64baa024c70fd58fa6,UPDATE,STATUS,INACTIVE
0368lxx5-5c70a9fceee003a3c824327368785a10,UPDATE,STATUS,INACTIVE
036r3gre-e281e3bc97634aff93c65142eb48162f,UPDATE,STATUS,INACTIVE
036r3gq9-da76a128b7a848e2b83453a32db66654,UPDATE,STATUS,INACTIVE
036r3gx2-43124943da35a2277e139a928962317b,UPDATE,STATUS,INACTIVE
036r3gx8-b81a9fe9219041759c37d3eca59aa545,UPDATE,STATUS,INACTIVE
036r3gqw-5e200b22dfca4ef08d587c1755539c71,UPDATE,STATUS,INACTIVE
036r652k-c96b05f77d2a42a5948e376f0e98c69f,UPDATE,STATUS,INACTIVE
036r3gqy-ed6d27be85b87dd055d97bfba20e77e0,UPDATE,STATUS,INACTIVE
036r650j-3e4ae0ecc729afad18da9095beac9248,UPDATE,STATUS,INACTIVE
036r3gnp-8e5f73f9bd6d2464738cb4b389bde8db,UPDATE,STATUS,INACTIVE
036r650j-46a523ac291ff20589e44c620290c9df,UPDATE,STATUS,INACTIVE
0361r4ve-bcd5dbedb5b10b00c2be7917a97c1812,UPDATE,STATUS,INACTIVE
036r3gqv-16e234e71bd1c8b35d68fd4ac1d579fd,UPDATE,STATUS,INACTIVE
0367b8lv-e50b832c421700ba44b4c0f5dbb3820c,UPDATE,STATUS,INACTIVE
036r3gr7-1ec7e91b3752433e8dc2f559b989dfbc,UPDATE,STATUS,INACTIVE
036r3grr-f6814cbe3d98784de8215f5f4fa6c303,UPDATE,STATUS,INACTIVE
036r3grk-f953f17757fe264a3082baab4aaa7eb4,UPDATE,STATUS,INACTIVE
036r3gqx-1081833cdc5eaf29fee6877ccc3ca560,UPDATE,STATUS,INACTIVE
036ffe30-f02d296c49f07d8de438c15e622c5111,UPDATE,STATUS,INACTIVE
036r3gr4-8f190c844cb183c48ccd3b1947739c3a,UPDATE,STATUS,INACTIVE
036r3gr5-067834b10ae5785787ecd8d0bc387fdc,UPDATE,STATUS,INACTIVE
036r3gqr-b08f5e9a1bea7b241cb877e09d9b83c4,UPDATE,STATUS,INACTIVE
03645a0f-97e73635f14031ccf644c766a95dca6c,UPDATE,STATUS,INACTIVE
036r3gr5-cb2ae4075a3c6817d9065fff556fcb22,UPDATE,STATUS,INACTIVE
036r3gr6-1c975db4f1b368eb7625dd3c58dcbaac,UPDATE,STATUS,INACTIVE
036r3grp-17c44f66627fda323014658eff8a10b2,UPDATE,STATUS,INACTIVE
036r3gx8-fd5efef7d9734731bb6d7398dc81f132,UPDATE,STATUS,INACTIVE
036r3gqb-2a01c17e5470cf56f45aca2bb74d9f42,UPDATE,STATUS,INACTIVE
036r3gr9-443ae2c2ed264d8e9d8e0ca4d7a6d451,UPDATE,STATUS,INACTIVE
036r3gq9-247cc1557b1d38771bcb2b8599b3efe0,UPDATE,STATUS,INACTIVE
036r3grk-5c0768515f477edda4353331a19a4d0d,UPDATE,STATUS,INACTIVE
036r3gqb-8464b3d9a5e104f6676603739d951c5e,UPDATE,STATUS,INACTIVE
036r6526-e19bbe024efcf4d9b2f279513dba5264,UPDATE,STATUS,INACTIVE
036r652j-4abfd60ce4c2a78822dde1c420507726,UPDATE,STATUS,INACTIVE
036r3gx0-012a7d73517544e2ac21007323b5781d,UPDATE,STATUS,INACTIVE
036jx7ps-889cb31af62600e324f2260cbe7c5068,UPDATE,STATUS,INACTIVE
036r650h-018e8f15ab58f81f40b304e1ae5966f9,UPDATE,STATUS,INACTIVE
03658fc4-490e87668a7890094bec195a493eda3a,UPDATE,STATUS,INACTIVE
036r3grp-cd7b6790e017cac629973d9e8b4c3959,UPDATE,STATUS,INACTIVE
036r652h-4de0d971364042ef98dd29da13607064,UPDATE,STATUS,INACTIVE
036r3gx2-cd27454f92d8999ea06537c5ac955658,UPDATE,STATUS,INACTIVE
036jx7ps-137cfb65421d09cdb5e1e12d73397be8,UPDATE,STATUS,INACTIVE
036r3gr5-00189c9b29553366869f2f23b663292f,UPDATE,STATUS,INACTIVE
036r3grh-684b21f0bfb94f41a9e97fa5faa0c134,UPDATE,STATUS,INACTIVE
036jx7ps-bc2e91612b550f38394de438244c1636,UPDATE,STATUS,INACTIVE
036r3gpu-0515e71ff6449f39f1a595f42271bda1,UPDATE,STATUS,INACTIVE
036r3gxf-0f61244376523e6a1a77bde2a60daafa,UPDATE,STATUS,INACTIVE
036r3gqf-238576a1ce56bcaf5d25f3f41dbd855e,UPDATE,STATUS,INACTIVE
036r3grr-09a911c9671e6a7f336cec6af8c67dd4,UPDATE,STATUS,INACTIVE
036r3gqb-ccf20d1e3bead66e6167cc8b17ec7c96,UPDATE,STATUS,INACTIVE
036r3gq8-ce681ca3edbd8d12bd70405eef73a1b7,UPDATE,STATUS,INACTIVE
036r3gru-ccc501d63424b4ceabcb0c14011d9558,UPDATE,STATUS,INACTIVE
036r3gx8-e4a4980952f958a1b38207430615bd4c,UPDATE,STATUS,INACTIVE
036r3gx3-36c32d5d0f0e3b3106a4227eee00dd34,UPDATE,STATUS,INACTIVE
036r3gq2-aa3bb519a9c70090169bd7f4430a5639,UPDATE,STATUS,INACTIVE
036r3grk-9d6b4677caa24b9d488765f4f7b3c915,UPDATE,STATUS,INACTIVE
036r3grv-d19157dedd1b4e2c9df175c747fab2dc,UPDATE,STATUS,INACTIVE
036r3gqu-82ee5ead1cfd4120bc79947dad865dd4,UPDATE,STATUS,INACTIVE
036r3gwc-6e6e77542c54eb313115d94094cf48e0,UPDATE,STATUS,INACTIVE
036r3gx8-f17ea30a88b418122fdfbc79b09add6f,UPDATE,STATUS,INACTIVE
036r3grr-9f5fd62d47d5b6204d4f5bc07b37d8f1,UPDATE,STATUS,INACTIVE
036r3gnj-3d3556903502803f18fb8e4cfd1c5d7d,UPDATE,STATUS,INACTIVE
036r3grx-38e1e669512ec32be5710183c79baf17,UPDATE,STATUS,INACTIVE
036r3grs-9c2137cd71084c3da0edb72042683b47,UPDATE,STATUS,INACTIVE
036r3grp-03c43618f3671d592cf400ee354b8d4e,UPDATE,STATUS,INACTIVE
036r3gqt-d20397a89202c84a91d5fb96c6814257,UPDATE,STATUS,INACTIVE
036r3gqr-bbe42a5e063d515ae3c9477e5160917f,UPDATE,STATUS,INACTIVE
036r3gqs-94346da53ebd0768f2430798382e0677,UPDATE,STATUS,INACTIVE
036r3gqy-e5c2d9f0c2324e8f9e39266fe76e2447,UPDATE,STATUS,INACTIVE
036r3grv-5950ba3a442e0b9316fd184df34a68c6,UPDATE,STATUS,INACTIVE
036r3gwb-592960cfa089f9db88868819d177880e,UPDATE,STATUS,INACTIVE
036r3grk-c9c3fc50f6c7463536b3a9b209d4fe0d,UPDATE,STATUS,INACTIVE
036r3gx2-c35ab352d66a1749a62165c8ee2aa08d,UPDATE,STATUS,INACTIVE
036r3gx8-6c94642309b42161f52ed9257fe25686,UPDATE,STATUS,INACTIVE
036r3gx3-5988bdc12853be0c00ca0379bb1f75b8,UPDATE,STATUS,INACTIVE
036r3grn-358484bdde48d382f3f220378a91d5f9,UPDATE,STATUS,INACTIVE
036r3grk-b77450124ff88ef3e74c320b3090c87e,UPDATE,STATUS,INACTIVE
0368lxx5-50873af05b0b0063bf21a40eb6166c83,UPDATE,STATUS,INACTIVE
036r3grv-d55070c49ab54d2c9160ac580b8d113f,UPDATE,STATUS,INACTIVE
036r652p-3ea3a017bea34ad4b31806a320dfd9b9,UPDATE,STATUS,INACTIVE
036r3gqz-c751efb35c35fef36e81fac58803b476,UPDATE,STATUS,INACTIVE
036r3gqc-45997208460440dc93f2e71d02f72b25,UPDATE,STATUS,INACTIVE
036r3gx2-af22fcaac1b52a939fe5183760ad3ae9,UPDATE,STATUS,INACTIVE
036r3gx2-3eb2be21f7838c593c3c7a19f0b852ba,UPDATE,STATUS,INACTIVE
036r3gx8-33395d85923bea8c35cccf3930b3d071,UPDATE,STATUS,INACTIVE
036r3gq1-14a37c7a047571b7ea8c85cf63766614,UPDATE,STATUS,INACTIVE
036r3gqz-ce602e767668f63ea0a53589dd7d06ba,UPDATE,STATUS,INACTIVE
036r3gx2-c93bc259668888b3a834ea16edbabb24,UPDATE,STATUS,INACTIVE
036r3gx2-a4b168894b16d20da4e9d729251dfb44,UPDATE,STATUS,INACTIVE
036r3grn-b7d08e69d5868f611d12c6fff172dc5f,UPDATE,STATUS,INACTIVE
036r652p-51c9248fdbaf8fc06a5677a30542eacd,UPDATE,STATUS,INACTIVE
036r3grp-92b7084a05f9f73571cacb5720a7ddbf,UPDATE,STATUS,INACTIVE
036r3gx8-b1232d8ff13c154bf3084a554a6007f3,UPDATE,STATUS,INACTIVE
036r3gx3-974ac7d39132483b8c396d23cc57708c,UPDATE,STATUS,INACTIVE
036r3gwb-1fe1a6937b069b24efcff6e0138f4dcd,UPDATE,STATUS,INACTIVE
036r3gx2-97c465eb61d34b9e8cb76ea0a71881c9,UPDATE,STATUS,INACTIVE
036r3gr7-c6de12cb2402f63dda2fd5a7d3c5d781,UPDATE,STATUS,INACTIVE
036r3gx8-cbbc350974754043a1b655bb21fc4aa0,UPDATE,STATUS,INACTIVE
036jx7ps-dc11e6f12d3b0eb463ecc9e593effec9,UPDATE,STATUS,INACTIVE
036r3gx1-b6970ffb173b98e060edb87b1e3c29e1,UPDATE,STATUS,INACTIVE
036r3gxd-405318459f524c0097deaecd80fab465,UPDATE,STATUS,INACTIVE
036jx7ps-92363ceee62305fd5ecaa3c178fb2a51,UPDATE,STATUS,INACTIVE
036r3gx1-52487100971d8590d98d7b2d2a7ae26b,UPDATE,STATUS,INACTIVE
036r3gqz-7f9aee3f48784f41a61f97ec04d4a550,UPDATE,STATUS,INACTIVE
036r3grp-efd51252be08480bab64ca4c33be10c3,UPDATE,STATUS,INACTIVE
036r3gx9-f89aa53bfc76599f6f70442f74413b00,UPDATE,STATUS,INACTIVE
036r3grx-7b0c3555335c498986895f895b361ea6,UPDATE,STATUS,INACTIVE
036r3gx2-af7bec482d265c6591eb13fbdd01fc4e,UPDATE,STATUS,INACTIVE
036r3gx2-8a54464fe572459aa5cdf8e29cc90897,UPDATE,STATUS,INACTIVE
0361edf5-14d1a2b86fad0af36c5655d9a212a4cb,UPDATE,STATUS,INACTIVE
0368f399-1bf8e226c3d7b60ea8990df3359b329d,UPDATE,STATUS,INACTIVE
036r3gmg-50fcee5e9a5fe286ba2a98868aeadbc9,UPDATE,STATUS,INACTIVE
036r3gx0-164c02348047b1bbb0ba72b96fddc856,UPDATE,STATUS,INACTIVE
036r3grn-e6a0d3a5c062db3fc92b2a8354618ecf,UPDATE,STATUS,INACTIVE
036r3gnq-0b6a05c071d937337d7ca7b6876e2534,UPDATE,STATUS,INACTIVE
036r6525-58bd00aba7656308cd169df3fcd6c084,UPDATE,STATUS,INACTIVE
036r3gqq-b79d71df759a9a24af992a41eac54a69,UPDATE,STATUS,INACTIVE
036r3gry-6137a14e042b4196982ee7e00b52e4af,UPDATE,STATUS,INACTIVE
036r3gx2-757685e6b1ad556ab1756aa94892e161,UPDATE,STATUS,INACTIVE
036r3gx3-d65ee68c6aa906ab9241411580dc354b,UPDATE,STATUS,INACTIVE
036aabd1-b72d3fc4c2ce0c0e5bbaaa88f1bcfa4f,UPDATE,STATUS,INACTIVE
036r3gx2-ff814073c6974f74a3c83611a987b9ed,UPDATE,STATUS,INACTIVE
036r3gx3-3eb342a66b94888f89eb8f69a2630551,UPDATE,STATUS,INACTIVE
036r3gpz-119adc6318b64f118eafb561b6e3351e,UPDATE,STATUS,INACTIVE
036r3gx0-e5960a750eb0444abd4b01f779f980b0,UPDATE,STATUS,INACTIVE
036r6581-2288e64939a28cdf7df9db7d06301ca5,UPDATE,STATUS,INACTIVE
036r3gwc-7d74ed9c4865ddb2e7f6d9596e92f4d2,UPDATE,STATUS,INACTIVE
036r3gx2-4dc24951934bd8c0f075637e5035951f,UPDATE,STATUS,INACTIVE
036r3gx2-69973f608250c633ff19603c2f9fb10d,UPDATE,STATUS,INACTIVE
036r3gqr-def477d0d9cb2acd8d173fc39c5b5d78,UPDATE,STATUS,INACTIVE
036r3grw-f4a58db873491be14207f41fa3e35e49,UPDATE,STATUS,INACTIVE
036r3gxb-17482a96d9fe9f8e4a163d0f15c85314,UPDATE,STATUS,INACTIVE
036r3grs-596d052f66c42af0a417781eafb2eea9,UPDATE,STATUS,INACTIVE
036r3gx2-da3e31bd8b780c2c25dc7feabb3c8730,UPDATE,STATUS,INACTIVE
036r3gx2-8e54ace546a8df3b0568f9e182b7a3f3,UPDATE,STATUS,INACTIVE
036r3gxc-bc5dc86d9d83618d18a3476e02b0807e,UPDATE,STATUS,INACTIVE
036r3gx2-c389f2d5185a43d5afc01e25960676c2,UPDATE,STATUS,INACTIVE
036r3grt-c345a744fda37f82ea47c4de0b5a4143,UPDATE,STATUS,INACTIVE
036r3gx2-889ee38e1b35a108ea89012201788f6c,UPDATE,STATUS,INACTIVE
036r3gpu-162d6a5413b7b1ad6659bbbe8a18c71e,UPDATE,STATUS,INACTIVE
036r3gqw-f983d74002b427cedbde0a50e1853f16,UPDATE,STATUS,INACTIVE
036r3grq-b80115247c76366cdec4837d0bcc8837,UPDATE,STATUS,INACTIVE
036r3gx2-6f10e09fddfc6e9c94ffc3f98cd41a33,UPDATE,STATUS,INACTIVE
036r3grc-fbedc29d7cd8fd034e7f9809a7ea084d,UPDATE,STATUS,INACTIVE
036r3gx6-65c1ad2d251a0b026a7dfb4014a07c39,UPDATE,STATUS,INACTIVE
036r3grv-e3b668c5de41a194564b931c68cf888d,UPDATE,STATUS,INACTIVE
036r3gx9-6fa852a672a516d5f33c7b989f005ef6,UPDATE,STATUS,INACTIVE
036r3gqj-60d619fe6343868c89304b16a75c75a2,UPDATE,STATUS,INACTIVE
036r3gx2-d4a325eb76f7354334dae4461b5c0291,UPDATE,STATUS,INACTIVE
036r3grp-6ed19f092c4a489e57f8d801191a960f,UPDATE,STATUS,INACTIVE
036r3gru-e2c8bc16d07f70cd52808e1402a34152,UPDATE,STATUS,INACTIVE
036r3gx8-920730e254fc4c8fa21d1c95575d0865,UPDATE,STATUS,INACTIVE
036r3grp-13005b2fe05a415f979e5ed3ee1e9dd5,UPDATE,STATUS,INACTIVE
036r3gx8-5b800f754f8e4e3f9239669da4cc37f4,UPDATE,STATUS,INACTIVE
036r3gx2-1c76d1e77b0485210365a77098c2940a,UPDATE,STATUS,INACTIVE
0361r4ve-ca25218424ec077a088d9a3b692fb2ae,UPDATE,STATUS,INACTIVE
036r3gx3-92cf4c872c441699012545745a7b8042,UPDATE,STATUS,INACTIVE
036r3gx2-3d1b3a5388d19539a86b4fe8697adedc,UPDATE,STATUS,INACTIVE
0368lxx5-6cfedb621e080e903358b1446cd4109e,UPDATE,STATUS,INACTIVE
036r3gx1-58a50b495c8c49c4885e1e3de062fdae,UPDATE,STATUS,INACTIVE
036r3gx0-26de3e09152a1546c914e84154619e5a,UPDATE,STATUS,INACTIVE
036r3gx1-168618c2da114f688e4ade5b194d3d2e,UPDATE,STATUS,INACTIVE
036r3grr-88241da2f665411d82aece92d45bf42e,UPDATE,STATUS,INACTIVE
036r3gx2-93a02dec8740496586df2a0d5ea23de9,UPDATE,STATUS,INACTIVE
036e3297-1898983da5a04d0a9e823a260d9222df,UPDATE,STATUS,INACTIVE
036r3grr-f2f034d80be5e30deded771d7ee04bc7,UPDATE,STATUS,INACTIVE
036r3grr-71fed6494d874ba38643af47e5383631,UPDATE,STATUS,INACTIVE
036r3grp-f9fd82ac0014462aac3981b483967e72,UPDATE,STATUS,INACTIVE
036r3gx2-82fc65f02749484183b7a1684a0276cc,UPDATE,STATUS,INACTIVE
036r652h-9aedacf4bdce4e20b9c10a83b180793d,UPDATE,STATUS,INACTIVE
0368lxx5-0aa3638f90a105f54e39e5896131bcca,UPDATE,STATUS,INACTIVE
0368lxx5-e4cca46b47b00ad8da37f88d9f0e0332,UPDATE,STATUS,INACTIVE
036r3gx2-1ab47168ac03e4621160ebcdb976781d,UPDATE,STATUS,INACTIVE
036r3gx1-123ce55333b842a88e04171ad7ca6982,UPDATE,STATUS,INACTIVE
036r3gx0-9fdc401c77bc467a8e91b8742e5238e6,UPDATE,STATUS,INACTIVE
0368lxx5-c6d5ff0267aa078f6ed2bd91add41031,UPDATE,STATUS,INACTIVE
036d408k-65a2fe5f6b6d0c4d7c1bb50ede88be18,UPDATE,STATUS,INACTIVE
036httek-c21af570240d009359bc1cc64dc12b58,UPDATE,STATUS,INACTIVE
0368lxx5-d8c3121985ef0e6087f5703fb7115130,UPDATE,STATUS,INACTIVE
036r3gx9-6611b8c4147a4daba9b7aaf30b615a79,UPDATE,STATUS,INACTIVE
0361r4ve-06f1b79668480bd048c50909e486b4a7,UPDATE,STATUS,INACTIVE
036r3gx0-0b79ebac04ac4eccb52a599b331a3712,UPDATE,STATUS,INACTIVE
036r3gx2-f4def5bab5f42ee57648d39ac811584c,UPDATE,STATUS,INACTIVE
036r3gx2-83d0ded14970405a46beeefb4612cc99,UPDATE,STATUS,INACTIVE
036r3gwc-56569a86b3ff708a9772567b3c8f00cc,UPDATE,STATUS,INACTIVE
036r3gx0-ece6c863e45527d7a7835078304aa54d,UPDATE,STATUS,INACTIVE
036r3grp-09c23f6d940622006e70e87f3d3a010d,UPDATE,STATUS,INACTIVE
036r3grp-9e047345cf6149a8ab3e5e2b4ca4c188,UPDATE,STATUS,INACTIVE
036r3grr-9d3812bcacb2a0ef933226eacd8249ff,UPDATE,STATUS,INACTIVE
036r3grr-58065475f566cae4d6ee4f30dbe6e242,UPDATE,STATUS,INACTIVE
036r3gpu-187b0bcfb96f7dd318e25ad98621e34d,UPDATE,STATUS,INACTIVE
036r3gqn-6fb8ec2e483440e1b2f906222bf4ca2a,UPDATE,STATUS,INACTIVE
036r3gx6-f4559d9c9eba45beac9955d4ba9ae0fe,UPDATE,STATUS,INACTIVE
036r3gx0-d00267bd3037e67bee80a26de2e1d482,UPDATE,STATUS,INACTIVE
03684762-aeb1f75a75d3db9a0b7ecd058c57a26a,UPDATE,STATUS,INACTIVE
036r3gx2-4bb1353e22cc4a618d4f30fe033de225,UPDATE,STATUS,INACTIVE
036r3gx3-d46caddf221b46feae85059d6b170d33,UPDATE,STATUS,INACTIVE
036r3gx2-7095da34ec66460f927cea8989df7aa9,UPDATE,STATUS,INACTIVE
036r3gx3-48dd364c302d9386dac8634616202bb6,UPDATE,STATUS,INACTIVE
036r3gw8-249c6132f539ef73bbecdce190d953aa,UPDATE,STATUS,INACTIVE
036r3gqq-97878c5fe893bed47e9742aae4758a19,UPDATE,STATUS,INACTIVE
036r3gqz-f9f3048656b14a43994c457251941594,UPDATE,STATUS,INACTIVE
036r3gqz-eb3ac053439fcd2d65d2fd41f4866a4e,UPDATE,STATUS,INACTIVE
036r6524-127adb63a2d250d9c2536f7c2a3ad385,UPDATE,STATUS,INACTIVE
036r3gxf-c62b657e5561af67ba1a2efdebdd69b2,UPDATE,STATUS,INACTIVE
036r3grs-497caa8d7cbe9df0f2cc6b9824f31430,UPDATE,STATUS,INACTIVE
036r3grs-429731a8e3d1cfb2d3361cb0b27dab84,UPDATE,STATUS,INACTIVE
036r6583-3cb9753bebee4ac839d45741d2fac21d,UPDATE,STATUS,INACTIVE
036r3grv-bc4522b973194d2d501966403311f119,UPDATE,STATUS,INACTIVE
036r3gx0-85d41dd26355414585828e43d7317adb,UPDATE,STATUS,INACTIVE
036r3grx-dbcfe1416f949a04c1c93f7be0eb7cb7,UPDATE,STATUS,INACTIVE
036d408k-4a5c717891b00b4ae09514ef0b6f44fd,UPDATE,STATUS,INACTIVE
036aabd1-f88764484f880b60f3878aac43a37010,UPDATE,STATUS,INACTIVE
036r3grr-b5511c7eefc75ca20beaa8b94cd0ae64,UPDATE,STATUS,INACTIVE
036r3gx2-11b6dc1ac254fe75d94c9d385e4f5b5a,UPDATE,STATUS,INACTIVE
036r3grp-c962c463db3f663ff4d6af4d6ff68630,UPDATE,STATUS,INACTIVE
036r3gx6-26f93b36ce1eb88626a3de23a8ea690c,UPDATE,STATUS,INACTIVE
036r3gx1-163f20e25dc34ec8bcfa435bab4e19f8,UPDATE,STATUS,INACTIVE
036r3gx2-ec28bd748883e41d7675e19bf822dc96,UPDATE,STATUS,INACTIVE
036r3gx2-8552cc2aca56cc69d52c9122090cbd5b,UPDATE,STATUS,INACTIVE
036r3gqz-a33366c7f643bbed4575ddfaca77139f,UPDATE,STATUS,INACTIVE
036r3grr-0c6cff1894c9116c856a2d40678e44a9,UPDATE,STATUS,INACTIVE
036r3grr-c06a5c9a3da7075df7dc2872766c36a1,UPDATE,STATUS,INACTIVE
036r3gx3-1c92def3df8147a4aa9b2898c19908f6,UPDATE,STATUS,INACTIVE
036r3gr4-7896677908bb5f18f723163c2c344be9,UPDATE,STATUS,INACTIVE
036r3gx4-9324ed4edfdd4293b785ede857d73afb,UPDATE,STATUS,INACTIVE
036r3gx1-8532a3368be19cc71e6edf7a0e1a7eaf,UPDATE,STATUS,INACTIVE
036r3grs-20e4d77064a88f43d9feaaa986c82c03,UPDATE,STATUS,INACTIVE
036r3gx0-765c2180ba68ed8d182ed714a86ac258,UPDATE,STATUS,INACTIVE
036r3gx0-e75fad9ad6d60947b068c33ad304b25a,UPDATE,STATUS,INACTIVE
036r3gx1-20b3b016bfa415e9eb42ad98908d6be1,UPDATE,STATUS,INACTIVE
036r3gx2-a69a389a96cc4cf48ef7ba58e4e6e44a,UPDATE,STATUS,INACTIVE
036r652k-1066a8b1499b48bcab2141a2f2d0cb31,UPDATE,STATUS,INACTIVE
036r3grm-ddad3a7b5b1c475ba424903c806638ff,UPDATE,STATUS,INACTIVE
036r3grx-162809f8fb8abcf05f8018f9dab7fa64,UPDATE,STATUS,INACTIVE
036r3gwc-17561b2baf5e3a20b6db91e8ff331b5e,UPDATE,STATUS,INACTIVE
036r3gpz-6237572c1cbd46b59b9fa14db6dcd8f0,UPDATE,STATUS,INACTIVE
036r3gx3-e5bdf7d5587ac90dc5b9429aeb5cc3aa,UPDATE,STATUS,INACTIVE
036aabd1-529341747b110ef25f3e061e88c414c1,UPDATE,STATUS,INACTIVE
036r6580-f7a5ffb79a96bacc1b65abd515d0fef2,UPDATE,STATUS,INACTIVE
036r3gr6-fcdaeae889e78bfebb351c243bdc878a,UPDATE,STATUS,INACTIVE
036r3grm-4438f14f1267d8550453f4d2e4ff2cb1,UPDATE,STATUS,INACTIVE
036r650h-df24a7e97b88266236b34a582fc695da,UPDATE,STATUS,INACTIVE
036r3gr7-aa75edc32f0500d7d4f35811e4b5e6f7,UPDATE,STATUS,INACTIVE
036r3gx2-e38d25465a91dc0100e796e6da33cc8a,UPDATE,STATUS,INACTIVE
036r3gqc-0554066ff8db4039a7a79bd336de0eb0,UPDATE,STATUS,INACTIVE
036r3gqc-f93539a56fad44a4b221e1bc8ac1cdca,UPDATE,STATUS,INACTIVE
036r6521-628704a0719b1e21b4db9f450c7395f6,UPDATE,STATUS,INACTIVE
036r3gwc-ded1601159a553f193322c18c92960ac,UPDATE,STATUS,INACTIVE
036r3gwb-5fe0104c8e75d5b86bf8668901649746,UPDATE,STATUS,INACTIVE
036r3gxf-b73f0be9f04b394aa7edaf9f5fa0da5e,UPDATE,STATUS,INACTIVE
036d408k-6d6861afe8ab02a9a7afe8758c0d7197,UPDATE,STATUS,INACTIVE
036r652h-a35f17aca5014906bddbc2cb8b251538,UPDATE,STATUS,INACTIVE
036r3gx2-731eefbbe6bc8f06fec62e9d488c9fa8,UPDATE,STATUS,INACTIVE
036r6521-049e0396dcf50d214926fc45c085cde2,UPDATE,STATUS,INACTIVE
036r652h-6933fc486b0417d2b4c583529dba9d35,UPDATE,STATUS,INACTIVE
036r3gpz-6d52b80eb62f52d71b6c51c662df0868,UPDATE,STATUS,INACTIVE
036r3gmg-3d366c635ce7c4181830fdd1ed374586,UPDATE,STATUS,INACTIVE
036r3grr-7270c5779bde6ce505791a2d016ded89,UPDATE,STATUS,INACTIVE
036r3gpv-ec19bc9b8795cda9b7f0f444878c6721,UPDATE,STATUS,INACTIVE
036r3gx8-e136a5eed2ab904760d18a594a04264d,UPDATE,STATUS,INACTIVE
036r3grh-8f3f3945362e1553d0cd627788454b81,UPDATE,STATUS,INACTIVE
036r3gx2-9f7d175a18853598af8592f952097a77,UPDATE,STATUS,INACTIVE
036r3grf-f1354101a77d460c0eb4c180bdb40bdd,UPDATE,STATUS,INACTIVE
036r3gqs-99ea95b8c80e3bf547aebe5ec1b483ba,UPDATE,STATUS,INACTIVE
036r3gx9-aa3b57cf3c2fdf403d23ce06b4c0e64d,UPDATE,STATUS,INACTIVE
036r3gx1-33f7bf7946646ec6a83787f2a5f1c78d,UPDATE,STATUS,INACTIVE
036r3gx2-d2d88f872bf6c6bbd097f1bb8e627625,UPDATE,STATUS,INACTIVE
036r3grs-528af4b24829173fb0c9baab2ed78b5b,UPDATE,STATUS,INACTIVE
036r3gx1-e5674d19a595d52aeb72fc254e15e5e4,UPDATE,STATUS,INACTIVE
036r3gx2-af68bb376e56278d3d76e080ab354b12,UPDATE,STATUS,INACTIVE
036r3gxd-b37bbd6d4fb1ab3fca7ae64e727530f0,UPDATE,STATUS,INACTIVE
036r3gx1-6f971feaf02d3bde7d35b758c6828192,UPDATE,STATUS,INACTIVE
036r3gx8-2590a485e89f4ac6060613e697a1b14a,UPDATE,STATUS,INACTIVE
036r650n-cdd58344ee753dae135e53cc719adde7,UPDATE,STATUS,INACTIVE
036r3gqk-f3fd09fc3c4b8e23c15b3c2ed4755683,UPDATE,STATUS,INACTIVE
0361r4ve-7f9a3346c03209c0b83de997f36affa1,UPDATE,STATUS,INACTIVE
036r3gqv-248e68e59600c9bdc53e8e33586f277d,UPDATE,STATUS,INACTIVE
036r652j-52a34af0fad0ab190e6fea09d38d4d0a,UPDATE,STATUS,INACTIVE
036r3gx2-1cf29dc9fa4b427019afdaa1e3dffa8c,UPDATE,STATUS,INACTIVE
0361r4ve-01d4022601e405a5fcc6af6a80d75a39,UPDATE,STATUS,INACTIVE
036jx7ps-8784171b95ec07eba69b3800b61aa946,UPDATE,STATUS,INACTIVE
036r3gqu-7aa3f8410824dff06db89c68f94643da,UPDATE,STATUS,INACTIVE
036r3gx3-9ec697784eda8f97888397e48d27ed37,UPDATE,STATUS,INACTIVE
036f0b21-189ee0a5b9b0efee4382ba8bed0a5153,UPDATE,STATUS,INACTIVE
036r3gxf-c80b051630624b7680dce742aafcb99b,UPDATE,STATUS,INACTIVE
036r3gqz-1e50f5234084401fac7bce9d2c807801,UPDATE,STATUS,INACTIVE
036r3grp-63908d30918cd6cfa994162b5a34573c,UPDATE,STATUS,INACTIVE
036r3grs-f45d28c9bdfa75f35b2b1006e67abcbf,UPDATE,STATUS,INACTIVE
036r3gqb-1df7e3d52ddf46fc9833ef9374bb41d6,UPDATE,STATUS,INACTIVE
036bef2c-24c61f487247a858719b24b901c5443f,UPDATE,STATUS,INACTIVE
036r3gqf-afe6c7b65cdb39f39dc124a698c29395,UPDATE,STATUS,INACTIVE
036r6520-4eb747dca2412408543bebacd364ca3b,UPDATE,STATUS,INACTIVE
036r3gr2-145d719dc34e9ed59001d4a718b3fba8,UPDATE,STATUS,INACTIVE
036r3gx2-afdb1ef7da2930e267c7372be3c8b8cf,UPDATE,STATUS,INACTIVE
036r3gqz-39c54cc0f189a1bb7c78cea158a72f16,UPDATE,STATUS,INACTIVE
036r3gx2-1cabe2b18854cf61a07cb0a9333d1a32,UPDATE,STATUS,INACTIVE
036r3grq-9de5f51e319e43e6276a4d0d13a1066f,UPDATE,STATUS,INACTIVE
036r652p-eedc42dc05485a280e3648cee877c254,UPDATE,STATUS,INACTIVE
036r3gx2-809ef632f5a1a551aa3dac7f8ce1aa23,UPDATE,STATUS,INACTIVE
036r3gx0-bbcc7053764d41ccbc973b9c343e60bb,UPDATE,STATUS,INACTIVE
036r3gr4-da4b680803394486b179ecdd55d73a52,UPDATE,STATUS,INACTIVE
036r3gx1-3d2cb5929d274c498f5d1bd189ee8994,UPDATE,STATUS,INACTIVE
036r3gx1-774f9ceff8054edd910e27593c1d840c,,STATUS,INACTIVE
036r3grq-7323256cd2044b58b53a8f70a1b831a2,UPDATE,STATUS,INACTIVE
